PassengerKey,PassengerId,PassengerName,Sex,Age,Title
1,1,"Braund, Mr. Owen Harris",male,22.0,Mr
2,2,"Cumings, Mrs. John Bradley (Florence Briggs Thayer)",female,38.0,Mrs
3,3,"Heikkinen, Miss. Laina",female,26.0,Miss
4,4,"Futrelle, Mrs. Jacques Heath (Lily May Peel)",female,35.0,Mrs
5,5,"Allen, Mr. William Henry",male,35.0,Mr
6,6,"Moran, Mr. James",male,,Mr
7,7,"McCarthy, Mr. Timothy J",male,54.0,Mr
8,8,"Palsson, Master. Gosta Leonard",male,2.0,Master
9,9,"Johnson, Mrs. Oscar W (Elisabeth Vilhelmina Berg)",female,27.0,Mrs
10,10,"Nasser, Mrs. Nicholas (Adele Achem)",female,14.0,Mrs
11,11,"Sandstrom, Miss. Marguerite Rut",female,4.0,Miss
12,12,"Bonnell, Miss. Elizabeth",female,58.0,Miss
13,13,"Saundercock, Mr. William Henry",male,20.0,Mr
14,14,"Andersson, Mr. Anders Johan",male,39.0,Mr
15,15,"Vestrom, Miss. Hulda Amanda Adolfina",female,14.0,Miss
16,16,"Hewlett, Mrs. (Mary D Kingcome) ",female,55.0,Mrs
17,17,"Rice, Master. Eugene",male,2.0,Master
18,18,"Williams, Mr. Charles Eugene",male,,Mr
19,19,"Vander Planke, Mrs. Julius (Emelia Maria Vandemoortele)",female,31.0,Mrs
20,20,"Masselmani, Mrs. Fatima",female,,Mrs
21,21,"Fynney, Mr. Joseph J",male,35.0,Mr
22,22,"Beesley, Mr. Lawrence",male,34.0,Mr
23,23,"McGowan, Miss. Anna ""Annie""",female,15.0,Miss
24,24,"Sloper, Mr. William Thompson",male,28.0,Mr
25,25,"Palsson, Miss. Torborg Danira",female,8.0,Miss
26,26,"Asplund, Mrs. Carl Oscar (Selma Augusta Emilia Johansson)",female,38.0,Mrs
27,27,"Emir, Mr. Farred Chehab",male,,Mr
28,28,"Fortune, Mr. Charles Alexander",male,19.0,Mr
29,29,"O'Dwyer, Miss. Ellen ""Nellie""",female,,Miss
30,30,"Todoroff, Mr. Lalio",male,,Mr
31,31,"Uruchurtu, Don. Manuel E",male,40.0,Royal/Noble
32,32,"Spencer, Mrs. William Augustus (Marie Eugenie)",female,,Mrs
33,33,"Glynn, Miss. Mary Agatha",female,,Miss
34,34,"Wheadon, Mr. Edward H",male,66.0,Mr
35,35,"Meyer, Mr. Edgar Joseph",male,28.0,Mr
36,36,"Holverson, Mr. Alexander Oskar",male,42.0,Mr
37,37,"Mamee, Mr. Hanna",male,,Mr
38,38,"Cann, Mr. Ernest Charles",male,21.0,Mr
39,39,"Vander Planke, Miss. Augusta Maria",female,18.0,Miss
40,40,"Nicola-Yarred, Miss. Jamila",female,14.0,Miss
41,41,"Ahlin, Mrs. Johan (Johanna Persdotter Larsson)",female,40.0,Mrs
42,42,"Turpin, Mrs. William John Robert (Dorothy Ann Wonnacott)",female,27.0,Mrs
43,43,"Kraeff, Mr. Theodor",male,,Mr
44,44,"Laroche, Miss. Simonne Marie Anne Andree",female,3.0,Miss
45,45,"Devaney, Miss. Margaret Delia",female,19.0,Miss
46,46,"Rogers, Mr. William John",male,,Mr
47,47,"Lennon, Mr. Denis",male,,Mr
48,48,"O'Driscoll, Miss. Bridget",female,,Miss
49,49,"Samaan, Mr. Youssef",male,,Mr
50,50,"Arnold-Franchi, Mrs. Josef (Josefine Franchi)",female,18.0,Mrs
51,51,"Panula, Master. Juha Niilo",male,7.0,Master
52,52,"Nosworthy, Mr. Richard Cater",male,21.0,Mr
53,53,"Harper, Mrs. Henry Sleeper (Myna Haxtun)",female,49.0,Mrs
54,54,"Faunthorpe, Mrs. Lizzie (Elizabeth Anne Wilkinson)",female,29.0,Mrs
55,55,"Ostby, Mr. Engelhart Cornelius",male,65.0,Mr
56,56,"Woolner, Mr. Hugh",male,,Mr
57,57,"Rugg, Miss. Emily",female,21.0,Miss
58,58,"Novel, Mr. Mansouer",male,28.5,Mr
59,59,"West, Miss. Constance Mirium",female,5.0,Miss
60,60,"Goodwin, Master. William Frederick",male,11.0,Master
61,61,"Sirayanian, Mr. Orsen",male,22.0,Mr
62,62,"Icard, Miss. Amelie",female,38.0,Miss
63,63,"Harris, Mr. Henry Birkhardt",male,45.0,Mr
64,64,"Skoog, Master. Harald",male,4.0,Master
65,65,"Stewart, Mr. Albert A",male,,Mr
66,66,"Moubarek, Master. Gerios",male,,Master
67,67,"Nye, Mrs. (Elizabeth Ramell)",female,29.0,Mrs
68,68,"Crease, Mr. Ernest James",male,19.0,Mr
69,69,"Andersson, Miss. Erna Alexandra",female,17.0,Miss
70,70,"Kink, Mr. Vincenz",male,26.0,Mr
71,71,"Jenkin, Mr. Stephen Curnow",male,32.0,Mr
72,72,"Goodwin, Miss. Lillian Amy",female,16.0,Miss
73,73,"Hood, Mr. Ambrose Jr",male,21.0,Mr
74,74,"Chronopoulos, Mr. Apostolos",male,26.0,Mr
75,75,"Bing, Mr. Lee",male,32.0,Mr
76,76,"Moen, Mr. Sigurd Hansen",male,25.0,Mr
77,77,"Staneff, Mr. Ivan",male,,Mr
78,78,"Moutal, Mr. Rahamin Haim",male,,Mr
79,79,"Caldwell, Master. Alden Gates",male,0.83,Master
80,80,"Dowdell, Miss. Elizabeth",female,30.0,Miss
81,81,"Waelens, Mr. Achille",male,22.0,Mr
82,82,"Sheerlinck, Mr. Jan Baptist",male,29.0,Mr
83,83,"McDermott, Miss. Brigdet Delia",female,,Miss
84,84,"Carrau, Mr. Francisco M",male,28.0,Mr
85,85,"Ilett, Miss. Bertha",female,17.0,Miss
86,86,"Backstrom, Mrs. Karl Alfred (Maria Mathilda Gustafsson)",female,33.0,Mrs
87,87,"Ford, Mr. William Neal",male,16.0,Mr
88,88,"Slocovski, Mr. Selman Francis",male,,Mr
89,89,"Fortune, Miss. Mabel Helen",female,23.0,Miss
90,90,"Celotti, Mr. Francesco",male,24.0,Mr
91,91,"Christmann, Mr. Emil",male,29.0,Mr
92,92,"Andreasson, Mr. Paul Edvin",male,20.0,Mr
93,93,"Chaffee, Mr. Herbert Fuller",male,46.0,Mr
94,94,"Dean, Mr. Bertram Frank",male,26.0,Mr
95,95,"Coxon, Mr. Daniel",male,59.0,Mr
96,96,"Shorney, Mr. Charles Joseph",male,,Mr
97,97,"Goldschmidt, Mr. George B",male,71.0,Mr
98,98,"Greenfield, Mr. William Bertram",male,23.0,Mr
99,99,"Doling, Mrs. John T (Ada Julia Bone)",female,34.0,Mrs
100,100,"Kantor, Mr. Sinai",male,34.0,Mr
101,101,"Petranec, Miss. Matilda",female,28.0,Miss
102,102,"Petroff, Mr. Pastcho (""Pentcho"")",male,,Mr
103,103,"White, Mr. Richard Frasar",male,21.0,Mr
104,104,"Johansson, Mr. Gustaf Joel",male,33.0,Mr
105,105,"Gustafsson, Mr. Anders Vilhelm",male,37.0,Mr
106,106,"Mionoff, Mr. Stoytcho",male,28.0,Mr
107,107,"Salkjelsvik, Miss. Anna Kristine",female,21.0,Miss
108,108,"Moss, Mr. Albert Johan",male,,Mr
109,109,"Rekic, Mr. Tido",male,38.0,Mr
110,110,"Moran, Miss. Bertha",female,,Miss
111,111,"Porter, Mr. Walter Chamberlain",male,47.0,Mr
112,112,"Zabour, Miss. Hileni",female,14.5,Miss
113,113,"Barton, Mr. David John",male,22.0,Mr
114,114,"Jussila, Miss. Katriina",female,20.0,Miss
115,115,"Attalah, Miss. Malake",female,17.0,Miss
116,116,"Pekoniemi, Mr. Edvard",male,21.0,Mr
117,117,"Connors, Mr. Patrick",male,70.5,Mr
118,118,"Turpin, Mr. William John Robert",male,29.0,Mr
119,119,"Baxter, Mr. Quigg Edmond",male,24.0,Mr
120,120,"Andersson, Miss. Ellis Anna Maria",female,2.0,Miss
121,121,"Hickman, Mr. Stanley George",male,21.0,Mr
122,122,"Moore, Mr. Leonard Charles",male,,Mr
123,123,"Nasser, Mr. Nicholas",male,32.5,Mr
124,124,"Webber, Miss. Susan",female,32.5,Miss
125,125,"White, Mr. Percival Wayland",male,54.0,Mr
126,126,"Nicola-Yarred, Master. Elias",male,12.0,Master
127,127,"McMahon, Mr. Martin",male,,Mr
128,128,"Madsen, Mr. Fridtjof Arne",male,24.0,Mr
129,129,"Peter, Miss. Anna",female,,Miss
130,130,"Ekstrom, Mr. Johan",male,45.0,Mr
131,131,"Drazenoic, Mr. Jozef",male,33.0,Mr
132,132,"Coelho, Mr. Domingos Fernandeo",male,20.0,Mr
133,133,"Robins, Mrs. Alexander A (Grace Charity Laury)",female,47.0,Mrs
134,134,"Weisz, Mrs. Leopold (Mathilde Francoise Pede)",female,29.0,Mrs
135,135,"Sobey, Mr. Samuel James Hayden",male,25.0,Mr
136,136,"Richard, Mr. Emile",male,23.0,Mr
137,137,"Newsom, Miss. Helen Monypeny",female,19.0,Miss
138,138,"Futrelle, Mr. Jacques Heath",male,37.0,Mr
139,139,"Osen, Mr. Olaf Elon",male,16.0,Mr
140,140,"Giglio, Mr. Victor",male,24.0,Mr
141,141,"Boulos, Mrs. Joseph (Sultana)",female,,Mrs
142,142,"Nysten, Miss. Anna Sofia",female,22.0,Miss
143,143,"Hakkarainen, Mrs. Pekka Pietari (Elin Matilda Dolck)",female,24.0,Mrs
144,144,"Burke, Mr. Jeremiah",male,19.0,Mr
145,145,"Andrew, Mr. Edgardo Samuel",male,18.0,Mr
146,146,"Nicholls, Mr. Joseph Charles",male,19.0,Mr
147,147,"Andersson, Mr. August Edvard (""Wennerstrom"")",male,27.0,Mr
148,148,"Ford, Miss. Robina Maggie ""Ruby""",female,9.0,Miss
149,149,"Navratil, Mr. Michel (""Louis M Hoffman"")",male,36.5,Mr
150,150,"Byles, Rev. Thomas Roussel Davids",male,42.0,Clergy
151,151,"Bateman, Rev. Robert James",male,51.0,Clergy
152,152,"Pears, Mrs. Thomas (Edith Wearne)",female,22.0,Mrs
153,153,"Meo, Mr. Alfonzo",male,55.5,Mr
154,154,"van Billiard, Mr. Austin Blyler",male,40.5,Mr
155,155,"Olsen, Mr. Ole Martin",male,,Mr
156,156,"Williams, Mr. Charles Duane",male,51.0,Mr
157,157,"Gilnagh, Miss. Katherine ""Katie""",female,16.0,Miss
158,158,"Corn, Mr. Harry",male,30.0,Mr
159,159,"Smiljanic, Mr. Mile",male,,Mr
160,160,"Sage, Master. Thomas Henry",male,,Master
161,161,"Cribb, Mr. John Hatfield",male,44.0,Mr
162,162,"Watt, Mrs. James (Elizabeth ""Bessie"" Inglis Milne)",female,40.0,Mrs
163,163,"Bengtsson, Mr. John Viktor",male,26.0,Mr
164,164,"Calic, Mr. Jovo",male,17.0,Mr
165,165,"Panula, Master. Eino Viljami",male,1.0,Master
166,166,"Goldsmith, Master. Frank John William ""Frankie""",male,9.0,Master
167,167,"Chibnall, Mrs. (Edith Martha Bowerman)",female,,Mrs
168,168,"Skoog, Mrs. William (Anna Bernhardina Karlsson)",female,45.0,Mrs
169,169,"Baumann, Mr. John D",male,,Mr
170,170,"Ling, Mr. Lee",male,28.0,Mr
171,171,"Van der hoef, Mr. Wyckoff",male,61.0,Mr
172,172,"Rice, Master. Arthur",male,4.0,Master
173,173,"Johnson, Miss. Eleanor Ileen",female,1.0,Miss
174,174,"Sivola, Mr. Antti Wilhelm",male,21.0,Mr
175,175,"Smith, Mr. James Clinch",male,56.0,Mr
176,176,"Klasen, Mr. Klas Albin",male,18.0,Mr
177,177,"Lefebre, Master. Henry Forbes",male,,Master
178,178,"Isham, Miss. Ann Elizabeth",female,50.0,Miss
179,179,"Hale, Mr. Reginald",male,30.0,Mr
180,180,"Leonard, Mr. Lionel",male,36.0,Mr
181,181,"Sage, Miss. Constance Gladys",female,,Miss
182,182,"Pernot, Mr. Rene",male,,Mr
183,183,"Asplund, Master. Clarence Gustaf Hugo",male,9.0,Master
184,184,"Becker, Master. Richard F",male,1.0,Master
185,185,"Kink-Heilmann, Miss. Luise Gretchen",female,4.0,Miss
186,186,"Rood, Mr. Hugh Roscoe",male,,Mr
187,187,"O'Brien, Mrs. Thomas (Johanna ""Hannah"" Godfrey)",female,,Mrs
188,188,"Romaine, Mr. Charles Hallace (""Mr C Rolmane"")",male,45.0,Mr
189,189,"Bourke, Mr. John",male,40.0,Mr
190,190,"Turcin, Mr. Stjepan",male,36.0,Mr
191,191,"Pinsky, Mrs. (Rosa)",female,32.0,Mrs
192,192,"Carbines, Mr. William",male,19.0,Mr
193,193,"Andersen-Jensen, Miss. Carla Christine Nielsine",female,19.0,Miss
194,194,"Navratil, Master. Michel M",male,3.0,Master
195,195,"Brown, Mrs. James Joseph (Margaret Tobin)",female,44.0,Mrs
196,196,"Lurette, Miss. Elise",female,58.0,Miss
197,197,"Mernagh, Mr. Robert",male,,Mr
198,198,"Olsen, Mr. Karl Siegwart Andreas",male,42.0,Mr
199,199,"Madigan, Miss. Margaret ""Maggie""",female,,Miss
200,200,"Yrois, Miss. Henriette (""Mrs Harbeck"")",female,24.0,Miss
201,201,"Vande Walle, Mr. Nestor Cyriel",male,28.0,Mr
202,202,"Sage, Mr. Frederick",male,,Mr
203,203,"Johanson, Mr. Jakob Alfred",male,34.0,Mr
204,204,"Youseff, Mr. Gerious",male,45.5,Mr
205,205,"Cohen, Mr. Gurshon ""Gus""",male,18.0,Mr
206,206,"Strom, Miss. Telma Matilda",female,2.0,Miss
207,207,"Backstrom, Mr. Karl Alfred",male,32.0,Mr
208,208,"Albimona, Mr. Nassef Cassem",male,26.0,Mr
209,209,"Carr, Miss. Helen ""Ellen""",female,16.0,Miss
210,210,"Blank, Mr. Henry",male,40.0,Mr
211,211,"Ali, Mr. Ahmed",male,24.0,Mr
212,212,"Cameron, Miss. Clear Annie",female,35.0,Miss
213,213,"Perkin, Mr. John Henry",male,22.0,Mr
214,214,"Givard, Mr. Hans Kristensen",male,30.0,Mr
215,215,"Kiernan, Mr. Philip",male,,Mr
216,216,"Newell, Miss. Madeleine",female,31.0,Miss
217,217,"Honkanen, Miss. Eliina",female,27.0,Miss
218,218,"Jacobsohn, Mr. Sidney Samuel",male,42.0,Mr
219,219,"Bazzani, Miss. Albina",female,32.0,Miss
220,220,"Harris, Mr. Walter",male,30.0,Mr
221,221,"Sunderland, Mr. Victor Francis",male,16.0,Mr
222,222,"Bracken, Mr. James H",male,27.0,Mr
223,223,"Green, Mr. George Henry",male,51.0,Mr
224,224,"Nenkoff, Mr. Christo",male,,Mr
225,225,"Hoyt, Mr. Frederick Maxfield",male,38.0,Mr
226,226,"Berglund, Mr. Karl Ivar Sven",male,22.0,Mr
227,227,"Mellors, Mr. William John",male,19.0,Mr
228,228,"Lovell, Mr. John Hall (""Henry"")",male,20.5,Mr
229,229,"Fahlstrom, Mr. Arne Jonas",male,18.0,Mr
230,230,"Lefebre, Miss. Mathilde",female,,Miss
231,231,"Harris, Mrs. Henry Birkhardt (Irene Wallach)",female,35.0,Mrs
232,232,"Larsson, Mr. Bengt Edvin",male,29.0,Mr
233,233,"Sjostedt, Mr. Ernst Adolf",male,59.0,Mr
234,234,"Asplund, Miss. Lillian Gertrud",female,5.0,Miss
235,235,"Leyson, Mr. Robert William Norman",male,24.0,Mr
236,236,"Harknett, Miss. Alice Phoebe",female,,Miss
237,237,"Hold, Mr. Stephen",male,44.0,Mr
238,238,"Collyer, Miss. Marjorie ""Lottie""",female,8.0,Miss
239,239,"Pengelly, Mr. Frederick William",male,19.0,Mr
240,240,"Hunt, Mr. George Henry",male,33.0,Mr
241,241,"Zabour, Miss. Thamine",female,,Miss
242,242,"Murphy, Miss. Katherine ""Kate""",female,,Miss
243,243,"Coleridge, Mr. Reginald Charles",male,29.0,Mr
244,244,"Maenpaa, Mr. Matti Alexanteri",male,22.0,Mr
245,245,"Attalah, Mr. Sleiman",male,30.0,Mr
246,246,"Minahan, Dr. William Edward",male,44.0,Professional
247,247,"Lindahl, Miss. Agda Thorilda Viktoria",female,25.0,Miss
248,248,"Hamalainen, Mrs. William (Anna)",female,24.0,Mrs
249,249,"Beckwith, Mr. Richard Leonard",male,37.0,Mr
250,250,"Carter, Rev. Ernest Courtenay",male,54.0,Clergy
251,251,"Reed, Mr. James George",male,,Mr
252,252,"Strom, Mrs. Wilhelm (Elna Matilda Persson)",female,29.0,Mrs
253,253,"Stead, Mr. William Thomas",male,62.0,Mr
254,254,"Lobb, Mr. William Arthur",male,30.0,Mr
255,255,"Rosblom, Mrs. Viktor (Helena Wilhelmina)",female,41.0,Mrs
256,256,"Touma, Mrs. Darwis (Hanne Youssef Razi)",female,29.0,Mrs
257,257,"Thorne, Mrs. Gertrude Maybelle",female,,Mrs
258,258,"Cherry, Miss. Gladys",female,30.0,Miss
259,259,"Ward, Miss. Anna",female,35.0,Miss
260,260,"Parrish, Mrs. (Lutie Davis)",female,50.0,Mrs
261,261,"Smith, Mr. Thomas",male,,Mr
262,262,"Asplund, Master. Edvin Rojj Felix",male,3.0,Master
263,263,"Taussig, Mr. Emil",male,52.0,Mr
264,264,"Harrison, Mr. William",male,40.0,Mr
265,265,"Henry, Miss. Delia",female,,Miss
266,266,"Reeves, Mr. David",male,36.0,Mr
267,267,"Panula, Mr. Ernesti Arvid",male,16.0,Mr
268,268,"Persson, Mr. Ernst Ulrik",male,25.0,Mr
269,269,"Graham, Mrs. William Thompson (Edith Junkins)",female,58.0,Mrs
270,270,"Bissette, Miss. Amelia",female,35.0,Miss
271,271,"Cairns, Mr. Alexander",male,,Mr
272,272,"Tornquist, Mr. William Henry",male,25.0,Mr
273,273,"Mellinger, Mrs. (Elizabeth Anne Maidment)",female,41.0,Mrs
274,274,"Natsch, Mr. Charles H",male,37.0,Mr
275,275,"Healy, Miss. Hanora ""Nora""",female,,Miss
276,276,"Andrews, Miss. Kornelia Theodosia",female,63.0,Miss
277,277,"Lindblom, Miss. Augusta Charlotta",female,45.0,Miss
278,278,"Parkes, Mr. Francis ""Frank""",male,,Mr
279,279,"Rice, Master. Eric",male,7.0,Master
280,280,"Abbott, Mrs. Stanton (Rosa Hunt)",female,35.0,Mrs
281,281,"Duane, Mr. Frank",male,65.0,Mr
282,282,"Olsson, Mr. Nils Johan Goransson",male,28.0,Mr
283,283,"de Pelsmaeker, Mr. Alfons",male,16.0,Mr
284,284,"Dorking, Mr. Edward Arthur",male,19.0,Mr
285,285,"Smith, Mr. Richard William",male,,Mr
286,286,"Stankovic, Mr. Ivan",male,33.0,Mr
287,287,"de Mulder, Mr. Theodore",male,30.0,Mr
288,288,"Naidenoff, Mr. Penko",male,22.0,Mr
289,289,"Hosono, Mr. Masabumi",male,42.0,Mr
290,290,"Connolly, Miss. Kate",female,22.0,Miss
291,291,"Barber, Miss. Ellen ""Nellie""",female,26.0,Miss
292,292,"Bishop, Mrs. Dickinson H (Helen Walton)",female,19.0,Mrs
293,293,"Levy, Mr. Rene Jacques",male,36.0,Mr
294,294,"Haas, Miss. Aloisia",female,24.0,Miss
295,295,"Mineff, Mr. Ivan",male,24.0,Mr
296,296,"Lewy, Mr. Ervin G",male,,Mr
297,297,"Hanna, Mr. Mansour",male,23.5,Mr
298,298,"Allison, Miss. Helen Loraine",female,2.0,Miss
299,299,"Saalfeld, Mr. Adolphe",male,,Mr
300,300,"Baxter, Mrs. James (Helene DeLaudeniere Chaput)",female,50.0,Mrs
301,301,"Kelly, Miss. Anna Katherine ""Annie Kate""",female,,Miss
302,302,"McCoy, Mr. Bernard",male,,Mr
303,303,"Johnson, Mr. William Cahoone Jr",male,19.0,Mr
304,304,"Keane, Miss. Nora A",female,,Miss
305,305,"Williams, Mr. Howard Hugh ""Harry""",male,,Mr
306,306,"Allison, Master. Hudson Trevor",male,0.92,Master
307,307,"Fleming, Miss. Margaret",female,,Miss
308,308,"Penasco y Castellana, Mrs. Victor de Satode (Maria Josefa Perez de Soto y Vallejo)",female,17.0,Mrs
309,309,"Abelson, Mr. Samuel",male,30.0,Mr
310,310,"Francatelli, Miss. Laura Mabel",female,30.0,Miss
311,311,"Hays, Miss. Margaret Bechstein",female,24.0,Miss
312,312,"Ryerson, Miss. Emily Borie",female,18.0,Miss
313,313,"Lahtinen, Mrs. William (Anna Sylfven)",female,26.0,Mrs
314,314,"Hendekovic, Mr. Ignjac",male,28.0,Mr
315,315,"Hart, Mr. Benjamin",male,43.0,Mr
316,316,"Nilsson, Miss. Helmina Josefina",female,26.0,Miss
317,317,"Kantor, Mrs. Sinai (Miriam Sternin)",female,24.0,Mrs
318,318,"Moraweck, Dr. Ernest",male,54.0,Professional
319,319,"Wick, Miss. Mary Natalie",female,31.0,Miss
320,320,"Spedden, Mrs. Frederic Oakley (Margaretta Corning Stone)",female,40.0,Mrs
321,321,"Dennis, Mr. Samuel",male,22.0,Mr
322,322,"Danoff, Mr. Yoto",male,27.0,Mr
323,323,"Slayter, Miss. Hilda Mary",female,30.0,Miss
324,324,"Caldwell, Mrs. Albert Francis (Sylvia Mae Harbaugh)",female,22.0,Mrs
325,325,"Sage, Mr. George John Jr",male,,Mr
326,326,"Young, Miss. Marie Grice",female,36.0,Miss
327,327,"Nysveen, Mr. Johan Hansen",male,61.0,Mr
328,328,"Ball, Mrs. (Ada E Hall)",female,36.0,Mrs
329,329,"Goldsmith, Mrs. Frank John (Emily Alice Brown)",female,31.0,Mrs
330,330,"Hippach, Miss. Jean Gertrude",female,16.0,Miss
331,331,"McCoy, Miss. Agnes",female,,Miss
332,332,"Partner, Mr. Austen",male,45.5,Mr
333,333,"Graham, Mr. George Edward",male,38.0,Mr
334,334,"Vander Planke, Mr. Leo Edmondus",male,16.0,Mr
335,335,"Frauenthal, Mrs. Henry William (Clara Heinsheimer)",female,,Mrs
336,336,"Denkoff, Mr. Mitto",male,,Mr
337,337,"Pears, Mr. Thomas Clinton",male,29.0,Mr
338,338,"Burns, Miss. Elizabeth Margaret",female,41.0,Miss
339,339,"Dahl, Mr. Karl Edwart",male,45.0,Mr
340,340,"Blackwell, Mr. Stephen Weart",male,45.0,Mr
341,341,"Navratil, Master. Edmond Roger",male,2.0,Master
342,342,"Fortune, Miss. Alice Elizabeth",female,24.0,Miss
343,343,"Collander, Mr. Erik Gustaf",male,28.0,Mr
344,344,"Sedgwick, Mr. Charles Frederick Waddington",male,25.0,Mr
345,345,"Fox, Mr. Stanley Hubert",male,36.0,Mr
346,346,"Brown, Miss. Amelia ""Mildred""",female,24.0,Miss
347,347,"Smith, Miss. Marion Elsie",female,40.0,Miss
348,348,"Davison, Mrs. Thomas Henry (Mary E Finck)",female,,Mrs
349,349,"Coutts, Master. William Loch ""William""",male,3.0,Master
350,350,"Dimic, Mr. Jovan",male,42.0,Mr
351,351,"Odahl, Mr. Nils Martin",male,23.0,Mr
352,352,"Williams-Lambert, Mr. Fletcher Fellows",male,,Mr
353,353,"Elias, Mr. Tannous",male,15.0,Mr
354,354,"Arnold-Franchi, Mr. Josef",male,25.0,Mr
355,355,"Yousif, Mr. Wazli",male,,Mr
356,356,"Vanden Steen, Mr. Leo Peter",male,28.0,Mr
357,357,"Bowerman, Miss. Elsie Edith",female,22.0,Miss
358,358,"Funk, Miss. Annie Clemmer",female,38.0,Miss
359,359,"McGovern, Miss. Mary",female,,Miss
360,360,"Mockler, Miss. Helen Mary ""Ellie""",female,,Miss
361,361,"Skoog, Mr. Wilhelm",male,40.0,Mr
362,362,"del Carlo, Mr. Sebastiano",male,29.0,Mr
363,363,"Barbara, Mrs. (Catherine David)",female,45.0,Mrs
364,364,"Asim, Mr. Adola",male,35.0,Mr
365,365,"O'Brien, Mr. Thomas",male,,Mr
366,366,"Adahl, Mr. Mauritz Nils Martin",male,30.0,Mr
367,367,"Warren, Mrs. Frank Manley (Anna Sophia Atkinson)",female,60.0,Mrs
368,368,"Moussa, Mrs. (Mantoura Boulos)",female,,Mrs
369,369,"Jermyn, Miss. Annie",female,,Miss
370,370,"Aubart, Mme. Leontine Pauline",female,24.0,Mrs
371,371,"Harder, Mr. George Achilles",male,25.0,Mr
372,372,"Wiklund, Mr. Jakob Alfred",male,18.0,Mr
373,373,"Beavan, Mr. William Thomas",male,19.0,Mr
374,374,"Ringhini, Mr. Sante",male,22.0,Mr
375,375,"Palsson, Miss. Stina Viola",female,3.0,Miss
376,376,"Meyer, Mrs. Edgar Joseph (Leila Saks)",female,,Mrs
377,377,"Landergren, Miss. Aurora Adelia",female,22.0,Miss
378,378,"Widener, Mr. Harry Elkins",male,27.0,Mr
379,379,"Betros, Mr. Tannous",male,20.0,Mr
380,380,"Gustafsson, Mr. Karl Gideon",male,19.0,Mr
381,381,"Bidois, Miss. Rosalie",female,42.0,Miss
382,382,"Nakid, Miss. Maria (""Mary"")",female,1.0,Miss
383,383,"Tikkanen, Mr. Juho",male,32.0,Mr
384,384,"Holverson, Mrs. Alexander Oskar (Mary Aline Towner)",female,35.0,Mrs
385,385,"Plotcharsky, Mr. Vasil",male,,Mr
386,386,"Davies, Mr. Charles Henry",male,18.0,Mr
387,387,"Goodwin, Master. Sidney Leonard",male,1.0,Master
388,388,"Buss, Miss. Kate",female,36.0,Miss
389,389,"Sadlier, Mr. Matthew",male,,Mr
390,390,"Lehmann, Miss. Bertha",female,17.0,Miss
391,391,"Carter, Mr. William Ernest",male,36.0,Mr
392,392,"Jansson, Mr. Carl Olof",male,21.0,Mr
393,393,"Gustafsson, Mr. Johan Birger",male,28.0,Mr
394,394,"Newell, Miss. Marjorie",female,23.0,Miss
395,395,"Sandstrom, Mrs. Hjalmar (Agnes Charlotta Bengtsson)",female,24.0,Mrs
396,396,"Johansson, Mr. Erik",male,22.0,Mr
397,397,"Olsson, Miss. Elina",female,31.0,Miss
398,398,"McKane, Mr. Peter David",male,46.0,Mr
399,399,"Pain, Dr. Alfred",male,23.0,Professional
400,400,"Trout, Mrs. William H (Jessie L)",female,28.0,Mrs
401,401,"Niskanen, Mr. Juha",male,39.0,Mr
402,402,"Adams, Mr. John",male,26.0,Mr
403,403,"Jussila, Miss. Mari Aina",female,21.0,Miss
404,404,"Hakkarainen, Mr. Pekka Pietari",male,28.0,Mr
405,405,"Oreskovic, Miss. Marija",female,20.0,Miss
406,406,"Gale, Mr. Shadrach",male,34.0,Mr
407,407,"Widegren, Mr. Carl/Charles Peter",male,51.0,Mr
408,408,"Richards, Master. William Rowe",male,3.0,Master
409,409,"Birkeland, Mr. Hans Martin Monsen",male,21.0,Mr
410,410,"Lefebre, Miss. Ida",female,,Miss
411,411,"Sdycoff, Mr. Todor",male,,Mr
412,412,"Hart, Mr. Henry",male,,Mr
413,413,"Minahan, Miss. Daisy E",female,33.0,Miss
414,414,"Cunningham, Mr. Alfred Fleming",male,,Mr
415,415,"Sundman, Mr. Johan Julian",male,44.0,Mr
416,416,"Meek, Mrs. Thomas (Annie Louise Rowley)",female,,Mrs
417,417,"Drew, Mrs. James Vivian (Lulu Thorne Christian)",female,34.0,Mrs
418,418,"Silven, Miss. Lyyli Karoliina",female,18.0,Miss
419,419,"Matthews, Mr. William John",male,30.0,Mr
420,420,"Van Impe, Miss. Catharina",female,10.0,Miss
421,421,"Gheorgheff, Mr. Stanio",male,,Mr
422,422,"Charters, Mr. David",male,21.0,Mr
423,423,"Zimmerman, Mr. Leo",male,29.0,Mr
424,424,"Danbom, Mrs. Ernst Gilbert (Anna Sigrid Maria Brogren)",female,28.0,Mrs
425,425,"Rosblom, Mr. Viktor Richard",male,18.0,Mr
426,426,"Wiseman, Mr. Phillippe",male,,Mr
427,427,"Clarke, Mrs. Charles V (Ada Maria Winfield)",female,28.0,Mrs
428,428,"Phillips, Miss. Kate Florence (""Mrs Kate Louise Phillips Marshall"")",female,19.0,Miss
429,429,"Flynn, Mr. James",male,,Mr
430,430,"Pickard, Mr. Berk (Berk Trembisky)",male,32.0,Mr
431,431,"Bjornstrom-Steffansson, Mr. Mauritz Hakan",male,28.0,Mr
432,432,"Thorneycroft, Mrs. Percival (Florence Kate White)",female,,Mrs
433,433,"Louch, Mrs. Charles Alexander (Alice Adelaide Slow)",female,42.0,Mrs
434,434,"Kallio, Mr. Nikolai Erland",male,17.0,Mr
435,435,"Silvey, Mr. William Baird",male,50.0,Mr
436,436,"Carter, Miss. Lucile Polk",female,14.0,Miss
437,437,"Ford, Miss. Doolina Margaret ""Daisy""",female,21.0,Miss
438,438,"Richards, Mrs. Sidney (Emily Hocking)",female,24.0,Mrs
439,439,"Fortune, Mr. Mark",male,64.0,Mr
440,440,"Kvillner, Mr. Johan Henrik Johannesson",male,31.0,Mr
441,441,"Hart, Mrs. Benjamin (Esther Ada Bloomfield)",female,45.0,Mrs
442,442,"Hampe, Mr. Leon",male,20.0,Mr
443,443,"Petterson, Mr. Johan Emil",male,25.0,Mr
444,444,"Reynaldo, Ms. Encarnacion",female,28.0,Miss
445,445,"Johannesen-Bratthammer, Mr. Bernt",male,,Mr
446,446,"Dodge, Master. Washington",male,4.0,Master
447,447,"Mellinger, Miss. Madeleine Violet",female,13.0,Miss
448,448,"Seward, Mr. Frederic Kimber",male,34.0,Mr
449,449,"Baclini, Miss. Marie Catherine",female,5.0,Miss
450,450,"Peuchen, Major. Arthur Godfrey",male,52.0,Officer
451,451,"West, Mr. Edwy Arthur",male,36.0,Mr
452,452,"Hagland, Mr. Ingvald Olai Olsen",male,,Mr
453,453,"Foreman, Mr. Benjamin Laventall",male,30.0,Mr
454,454,"Goldenberg, Mr. Samuel L",male,49.0,Mr
455,455,"Peduzzi, Mr. Joseph",male,,Mr
456,456,"Jalsevac, Mr. Ivan",male,29.0,Mr
457,457,"Millet, Mr. Francis Davis",male,65.0,Mr
458,458,"Kenyon, Mrs. Frederick R (Marion)",female,,Mrs
459,459,"Toomey, Miss. Ellen",female,50.0,Miss
460,460,"O'Connor, Mr. Maurice",male,,Mr
461,461,"Anderson, Mr. Harry",male,48.0,Mr
462,462,"Morley, Mr. William",male,34.0,Mr
463,463,"Gee, Mr. Arthur H",male,47.0,Mr
464,464,"Milling, Mr. Jacob Christian",male,48.0,Mr
465,465,"Maisner, Mr. Simon",male,,Mr
466,466,"Goncalves, Mr. Manuel Estanslas",male,38.0,Mr
467,467,"Campbell, Mr. William",male,,Mr
468,468,"Smart, Mr. John Montgomery",male,56.0,Mr
469,469,"Scanlan, Mr. James",male,,Mr
470,470,"Baclini, Miss. Helene Barbara",female,0.75,Miss
471,471,"Keefe, Mr. Arthur",male,,Mr
472,472,"Cacic, Mr. Luka",male,38.0,Mr
473,473,"West, Mrs. Edwy Arthur (Ada Mary Worth)",female,33.0,Mrs
474,474,"Jerwan, Mrs. Amin S (Marie Marthe Thuillard)",female,23.0,Mrs
475,475,"Strandberg, Miss. Ida Sofia",female,22.0,Miss
476,476,"Clifford, Mr. George Quincy",male,,Mr
477,477,"Renouf, Mr. Peter Henry",male,34.0,Mr
478,478,"Braund, Mr. Lewis Richard",male,29.0,Mr
479,479,"Karlsson, Mr. Nils August",male,22.0,Mr
480,480,"Hirvonen, Miss. Hildur E",female,2.0,Miss
481,481,"Goodwin, Master. Harold Victor",male,9.0,Master
482,482,"Frost, Mr. Anthony Wood ""Archie""",male,,Mr
483,483,"Rouse, Mr. Richard Henry",male,50.0,Mr
484,484,"Turkula, Mrs. (Hedwig)",female,63.0,Mrs
485,485,"Bishop, Mr. Dickinson H",male,25.0,Mr
486,486,"Lefebre, Miss. Jeannie",female,,Miss
487,487,"Hoyt, Mrs. Frederick Maxfield (Jane Anne Forby)",female,35.0,Mrs
488,488,"Kent, Mr. Edward Austin",male,58.0,Mr
489,489,"Somerton, Mr. Francis William",male,30.0,Mr
490,490,"Coutts, Master. Eden Leslie ""Neville""",male,9.0,Master
491,491,"Hagland, Mr. Konrad Mathias Reiersen",male,,Mr
492,492,"Windelov, Mr. Einar",male,21.0,Mr
493,493,"Molson, Mr. Harry Markland",male,55.0,Mr
494,494,"Artagaveytia, Mr. Ramon",male,71.0,Mr
495,495,"Stanley, Mr. Edward Roland",male,21.0,Mr
496,496,"Yousseff, Mr. Gerious",male,,Mr
497,497,"Eustis, Miss. Elizabeth Mussey",female,54.0,Miss
498,498,"Shellard, Mr. Frederick William",male,,Mr
499,499,"Allison, Mrs. Hudson J C (Bessie Waldo Daniels)",female,25.0,Mrs
500,500,"Svensson, Mr. Olof",male,24.0,Mr
501,501,"Calic, Mr. Petar",male,17.0,Mr
502,502,"Canavan, Miss. Mary",female,21.0,Miss
503,503,"O'Sullivan, Miss. Bridget Mary",female,,Miss
504,504,"Laitinen, Miss. Kristina Sofia",female,37.0,Miss
505,505,"Maioni, Miss. Roberta",female,16.0,Miss
506,506,"Penasco y Castellana, Mr. Victor de Satode",male,18.0,Mr
507,507,"Quick, Mrs. Frederick Charles (Jane Richards)",female,33.0,Mrs
508,508,"Bradley, Mr. George (""George Arthur Brayton"")",male,,Mr
509,509,"Olsen, Mr. Henry Margido",male,28.0,Mr
510,510,"Lang, Mr. Fang",male,26.0,Mr
511,511,"Daly, Mr. Eugene Patrick",male,29.0,Mr
512,512,"Webber, Mr. James",male,,Mr
513,513,"McGough, Mr. James Robert",male,36.0,Mr
514,514,"Rothschild, Mrs. Martin (Elizabeth L. Barrett)",female,54.0,Mrs
515,515,"Coleff, Mr. Satio",male,24.0,Mr
516,516,"Walker, Mr. William Anderson",male,47.0,Mr
517,517,"Lemore, Mrs. (Amelia Milley)",female,34.0,Mrs
518,518,"Ryan, Mr. Patrick",male,,Mr
519,519,"Angle, Mrs. William A (Florence ""Mary"" Agnes Hughes)",female,36.0,Mrs
520,520,"Pavlovic, Mr. Stefo",male,32.0,Mr
521,521,"Perreault, Miss. Anne",female,30.0,Miss
522,522,"Vovk, Mr. Janko",male,22.0,Mr
523,523,"Lahoud, Mr. Sarkis",male,,Mr
524,524,"Hippach, Mrs. Louis Albert (Ida Sophia Fischer)",female,44.0,Mrs
525,525,"Kassem, Mr. Fared",male,,Mr
526,526,"Farrell, Mr. James",male,40.5,Mr
527,527,"Ridsdale, Miss. Lucy",female,50.0,Miss
528,528,"Farthing, Mr. John",male,,Mr
529,529,"Salonen, Mr. Johan Werner",male,39.0,Mr
530,530,"Hocking, Mr. Richard George",male,23.0,Mr
531,531,"Quick, Miss. Phyllis May",female,2.0,Miss
532,532,"Toufik, Mr. Nakli",male,,Mr
533,533,"Elias, Mr. Joseph Jr",male,17.0,Mr
534,534,"Peter, Mrs. Catherine (Catherine Rizk)",female,,Mrs
535,535,"Cacic, Miss. Marija",female,30.0,Miss
536,536,"Hart, Miss. Eva Miriam",female,7.0,Miss
537,537,"Butt, Major. Archibald Willingham",male,45.0,Officer
538,538,"LeRoy, Miss. Bertha",female,30.0,Miss
539,539,"Risien, Mr. Samuel Beard",male,,Mr
540,540,"Frolicher, Miss. Hedwig Margaritha",female,22.0,Miss
541,541,"Crosby, Miss. Harriet R",female,36.0,Miss
542,542,"Andersson, Miss. Ingeborg Constanzia",female,9.0,Miss
543,543,"Andersson, Miss. Sigrid Elisabeth",female,11.0,Miss
544,544,"Beane, Mr. Edward",male,32.0,Mr
545,545,"Douglas, Mr. Walter Donald",male,50.0,Mr
546,546,"Nicholson, Mr. Arthur Ernest",male,64.0,Mr
547,547,"Beane, Mrs. Edward (Ethel Clarke)",female,19.0,Mrs
548,548,"Padro y Manent, Mr. Julian",male,,Mr
549,549,"Goldsmith, Mr. Frank John",male,33.0,Mr
550,550,"Davies, Master. John Morgan Jr",male,8.0,Master
551,551,"Thayer, Mr. John Borland Jr",male,17.0,Mr
552,552,"Sharp, Mr. Percival James R",male,27.0,Mr
553,553,"O'Brien, Mr. Timothy",male,,Mr
554,554,"Leeni, Mr. Fahim (""Philip Zenni"")",male,22.0,Mr
555,555,"Ohman, Miss. Velin",female,22.0,Miss
556,556,"Wright, Mr. George",male,62.0,Mr
557,557,"Duff Gordon, Lady. (Lucille Christiana Sutherland) (""Mrs Morgan"")",female,48.0,Royal/Noble
558,558,"Robbins, Mr. Victor",male,,Mr
559,559,"Taussig, Mrs. Emil (Tillie Mandelbaum)",female,39.0,Mrs
560,560,"de Messemaeker, Mrs. Guillaume Joseph (Emma)",female,36.0,Mrs
561,561,"Morrow, Mr. Thomas Rowan",male,,Mr
562,562,"Sivic, Mr. Husein",male,40.0,Mr
563,563,"Norman, Mr. Robert Douglas",male,28.0,Mr
564,564,"Simmons, Mr. John",male,,Mr
565,565,"Meanwell, Miss. (Marion Ogden)",female,,Miss
566,566,"Davies, Mr. Alfred J",male,24.0,Mr
567,567,"Stoytcheff, Mr. Ilia",male,19.0,Mr
568,568,"Palsson, Mrs. Nils (Alma Cornelia Berglund)",female,29.0,Mrs
569,569,"Doharr, Mr. Tannous",male,,Mr
570,570,"Jonsson, Mr. Carl",male,32.0,Mr
571,571,"Harris, Mr. George",male,62.0,Mr
572,572,"Appleton, Mrs. Edward Dale (Charlotte Lamson)",female,53.0,Mrs
573,573,"Flynn, Mr. John Irwin (""Irving"")",male,36.0,Mr
574,574,"Kelly, Miss. Mary",female,,Miss
575,575,"Rush, Mr. Alfred George John",male,16.0,Mr
576,576,"Patchett, Mr. George",male,19.0,Mr
577,577,"Garside, Miss. Ethel",female,34.0,Miss
578,578,"Silvey, Mrs. William Baird (Alice Munger)",female,39.0,Mrs
579,579,"Caram, Mrs. Joseph (Maria Elias)",female,,Mrs
580,580,"Jussila, Mr. Eiriik",male,32.0,Mr
581,581,"Christy, Miss. Julie Rachel",female,25.0,Miss
582,582,"Thayer, Mrs. John Borland (Marian Longstreth Morris)",female,39.0,Mrs
583,583,"Downton, Mr. William James",male,54.0,Mr
584,584,"Ross, Mr. John Hugo",male,36.0,Mr
585,585,"Paulner, Mr. Uscher",male,,Mr
586,586,"Taussig, Miss. Ruth",female,18.0,Miss
587,587,"Jarvis, Mr. John Denzil",male,47.0,Mr
588,588,"Frolicher-Stehli, Mr. Maxmillian",male,60.0,Mr
589,589,"Gilinski, Mr. Eliezer",male,22.0,Mr
590,590,"Murdlin, Mr. Joseph",male,,Mr
591,591,"Rintamaki, Mr. Matti",male,35.0,Mr
592,592,"Stephenson, Mrs. Walter Bertram (Martha Eustis)",female,52.0,Mrs
593,593,"Elsbury, Mr. William James",male,47.0,Mr
594,594,"Bourke, Miss. Mary",female,,Miss
595,595,"Chapman, Mr. John Henry",male,37.0,Mr
596,596,"Van Impe, Mr. Jean Baptiste",male,36.0,Mr
597,597,"Leitch, Miss. Jessie Wills",female,,Miss
598,598,"Johnson, Mr. Alfred",male,49.0,Mr
599,599,"Boulos, Mr. Hanna",male,,Mr
600,600,"Duff Gordon, Sir. Cosmo Edmund (""Mr Morgan"")",male,49.0,Royal/Noble
601,601,"Jacobsohn, Mrs. Sidney Samuel (Amy Frances Christy)",female,24.0,Mrs
602,602,"Slabenoff, Mr. Petco",male,,Mr
603,603,"Harrington, Mr. Charles H",male,,Mr
604,604,"Torber, Mr. Ernst William",male,44.0,Mr
605,605,"Homer, Mr. Harry (""Mr E Haven"")",male,35.0,Mr
606,606,"Lindell, Mr. Edvard Bengtsson",male,36.0,Mr
607,607,"Karaic, Mr. Milan",male,30.0,Mr
608,608,"Daniel, Mr. Robert Williams",male,27.0,Mr
609,609,"Laroche, Mrs. Joseph (Juliette Marie Louise Lafargue)",female,22.0,Mrs
610,610,"Shutes, Miss. Elizabeth W",female,40.0,Miss
611,611,"Andersson, Mrs. Anders Johan (Alfrida Konstantia Brogren)",female,39.0,Mrs
612,612,"Jardin, Mr. Jose Neto",male,,Mr
613,613,"Murphy, Miss. Margaret Jane",female,,Miss
614,614,"Horgan, Mr. John",male,,Mr
615,615,"Brocklebank, Mr. William Alfred",male,35.0,Mr
616,616,"Herman, Miss. Alice",female,24.0,Miss
617,617,"Danbom, Mr. Ernst Gilbert",male,34.0,Mr
618,618,"Lobb, Mrs. William Arthur (Cordelia K Stanlick)",female,26.0,Mrs
619,619,"Becker, Miss. Marion Louise",female,4.0,Miss
620,620,"Gavey, Mr. Lawrence",male,26.0,Mr
621,621,"Yasbeck, Mr. Antoni",male,27.0,Mr
622,622,"Kimball, Mr. Edwin Nelson Jr",male,42.0,Mr
623,623,"Nakid, Mr. Sahid",male,20.0,Mr
624,624,"Hansen, Mr. Henry Damsgaard",male,21.0,Mr
625,625,"Bowen, Mr. David John ""Dai""",male,21.0,Mr
626,626,"Sutton, Mr. Frederick",male,61.0,Mr
627,627,"Kirkland, Rev. Charles Leonard",male,57.0,Clergy
628,628,"Longley, Miss. Gretchen Fiske",female,21.0,Miss
629,629,"Bostandyeff, Mr. Guentcho",male,26.0,Mr
630,630,"O'Connell, Mr. Patrick D",male,,Mr
631,631,"Barkworth, Mr. Algernon Henry Wilson",male,80.0,Mr
632,632,"Lundahl, Mr. Johan Svensson",male,51.0,Mr
633,633,"Stahelin-Maeglin, Dr. Max",male,32.0,Professional
634,634,"Parr, Mr. William Henry Marsh",male,,Mr
635,635,"Skoog, Miss. Mabel",female,9.0,Miss
636,636,"Davis, Miss. Mary",female,28.0,Miss
637,637,"Leinonen, Mr. Antti Gustaf",male,32.0,Mr
638,638,"Collyer, Mr. Harvey",male,31.0,Mr
639,639,"Panula, Mrs. Juha (Maria Emilia Ojala)",female,41.0,Mrs
640,640,"Thorneycroft, Mr. Percival",male,,Mr
641,641,"Jensen, Mr. Hans Peder",male,20.0,Mr
642,642,"Sagesser, Mlle. Emma",female,24.0,Miss
643,643,"Skoog, Miss. Margit Elizabeth",female,2.0,Miss
644,644,"Foo, Mr. Choong",male,,Mr
645,645,"Baclini, Miss. Eugenie",female,0.75,Miss
646,646,"Harper, Mr. Henry Sleeper",male,48.0,Mr
647,647,"Cor, Mr. Liudevit",male,19.0,Mr
648,648,"Simonius-Blumer, Col. Oberst Alfons",male,56.0,Officer
649,649,"Willey, Mr. Edward",male,,Mr
650,650,"Stanley, Miss. Amy Zillah Elsie",female,23.0,Miss
651,651,"Mitkoff, Mr. Mito",male,,Mr
652,652,"Doling, Miss. Elsie",female,18.0,Miss
653,653,"Kalvik, Mr. Johannes Halvorsen",male,21.0,Mr
654,654,"O'Leary, Miss. Hanora ""Norah""",female,,Miss
655,655,"Hegarty, Miss. Hanora ""Nora""",female,18.0,Miss
656,656,"Hickman, Mr. Leonard Mark",male,24.0,Mr
657,657,"Radeff, Mr. Alexander",male,,Mr
658,658,"Bourke, Mrs. John (Catherine)",female,32.0,Mrs
659,659,"Eitemiller, Mr. George Floyd",male,23.0,Mr
660,660,"Newell, Mr. Arthur Webster",male,58.0,Mr
661,661,"Frauenthal, Dr. Henry William",male,50.0,Professional
662,662,"Badt, Mr. Mohamed",male,40.0,Mr
663,663,"Colley, Mr. Edward Pomeroy",male,47.0,Mr
664,664,"Coleff, Mr. Peju",male,36.0,Mr
665,665,"Lindqvist, Mr. Eino William",male,20.0,Mr
666,666,"Hickman, Mr. Lewis",male,32.0,Mr
667,667,"Butler, Mr. Reginald Fenton",male,25.0,Mr
668,668,"Rommetvedt, Mr. Knud Paust",male,,Mr
669,669,"Cook, Mr. Jacob",male,43.0,Mr
670,670,"Taylor, Mrs. Elmer Zebley (Juliet Cummins Wright)",female,,Mrs
671,671,"Brown, Mrs. Thomas William Solomon (Elizabeth Catherine Ford)",female,40.0,Mrs
672,672,"Davidson, Mr. Thornton",male,31.0,Mr
673,673,"Mitchell, Mr. Henry Michael",male,70.0,Mr
674,674,"Wilhelms, Mr. Charles",male,31.0,Mr
675,675,"Watson, Mr. Ennis Hastings",male,,Mr
676,676,"Edvardsson, Mr. Gustaf Hjalmar",male,18.0,Mr
677,677,"Sawyer, Mr. Frederick Charles",male,24.5,Mr
678,678,"Turja, Miss. Anna Sofia",female,18.0,Miss
679,679,"Goodwin, Mrs. Frederick (Augusta Tyler)",female,43.0,Mrs
680,680,"Cardeza, Mr. Thomas Drake Martinez",male,36.0,Mr
681,681,"Peters, Miss. Katie",female,,Miss
682,682,"Hassab, Mr. Hammad",male,27.0,Mr
683,683,"Olsvigen, Mr. Thor Anderson",male,20.0,Mr
684,684,"Goodwin, Mr. Charles Edward",male,14.0,Mr
685,685,"Brown, Mr. Thomas William Solomon",male,60.0,Mr
686,686,"Laroche, Mr. Joseph Philippe Lemercier",male,25.0,Mr
687,687,"Panula, Mr. Jaako Arnold",male,14.0,Mr
688,688,"Dakic, Mr. Branko",male,19.0,Mr
689,689,"Fischer, Mr. Eberhard Thelander",male,18.0,Mr
690,690,"Madill, Miss. Georgette Alexandra",female,15.0,Miss
691,691,"Dick, Mr. Albert Adrian",male,31.0,Mr
692,692,"Karun, Miss. Manca",female,4.0,Miss
693,693,"Lam, Mr. Ali",male,,Mr
694,694,"Saad, Mr. Khalil",male,25.0,Mr
695,695,"Weir, Col. John",male,60.0,Officer
696,696,"Chapman, Mr. Charles Henry",male,52.0,Mr
697,697,"Kelly, Mr. James",male,44.0,Mr
698,698,"Mullens, Miss. Katherine ""Katie""",female,,Miss
699,699,"Thayer, Mr. John Borland",male,49.0,Mr
700,700,"Humblen, Mr. Adolf Mathias Nicolai Olsen",male,42.0,Mr
701,701,"Astor, Mrs. John Jacob (Madeleine Talmadge Force)",female,18.0,Mrs
702,702,"Silverthorne, Mr. Spencer Victor",male,35.0,Mr
703,703,"Barbara, Miss. Saiide",female,18.0,Miss
704,704,"Gallagher, Mr. Martin",male,25.0,Mr
705,705,"Hansen, Mr. Henrik Juul",male,26.0,Mr
706,706,"Morley, Mr. Henry Samuel (""Mr Henry Marshall"")",male,39.0,Mr
707,707,"Kelly, Mrs. Florence ""Fannie""",female,45.0,Mrs
708,708,"Calderhead, Mr. Edward Pennington",male,42.0,Mr
709,709,"Cleaver, Miss. Alice",female,22.0,Miss
710,710,"Moubarek, Master. Halim Gonios (""William George"")",male,,Master
711,711,"Mayne, Mlle. Berthe Antonine (""Mrs de Villiers"")",female,24.0,Miss
712,712,"Klaber, Mr. Herman",male,,Mr
713,713,"Taylor, Mr. Elmer Zebley",male,48.0,Mr
714,714,"Larsson, Mr. August Viktor",male,29.0,Mr
715,715,"Greenberg, Mr. Samuel",male,52.0,Mr
716,716,"Soholt, Mr. Peter Andreas Lauritz Andersen",male,19.0,Mr
717,717,"Endres, Miss. Caroline Louise",female,38.0,Miss
718,718,"Troutt, Miss. Edwina Celia ""Winnie""",female,27.0,Miss
719,719,"McEvoy, Mr. Michael",male,,Mr
720,720,"Johnson, Mr. Malkolm Joackim",male,33.0,Mr
721,721,"Harper, Miss. Annie Jessie ""Nina""",female,6.0,Miss
722,722,"Jensen, Mr. Svend Lauritz",male,17.0,Mr
723,723,"Gillespie, Mr. William Henry",male,34.0,Mr
724,724,"Hodges, Mr. Henry Price",male,50.0,Mr
725,725,"Chambers, Mr. Norman Campbell",male,27.0,Mr
726,726,"Oreskovic, Mr. Luka",male,20.0,Mr
727,727,"Renouf, Mrs. Peter Henry (Lillian Jefferys)",female,30.0,Mrs
728,728,"Mannion, Miss. Margareth",female,,Miss
729,729,"Bryhl, Mr. Kurt Arnold Gottfrid",male,25.0,Mr
730,730,"Ilmakangas, Miss. Pieta Sofia",female,25.0,Miss
731,731,"Allen, Miss. Elisabeth Walton",female,29.0,Miss
732,732,"Hassan, Mr. Houssein G N",male,11.0,Mr
733,733,"Knight, Mr. Robert J",male,,Mr
734,734,"Berriman, Mr. William John",male,23.0,Mr
735,735,"Troupiansky, Mr. Moses Aaron",male,23.0,Mr
736,736,"Williams, Mr. Leslie",male,28.5,Mr
737,737,"Ford, Mrs. Edward (Margaret Ann Watson)",female,48.0,Mrs
738,738,"Lesurer, Mr. Gustave J",male,35.0,Mr
739,739,"Ivanoff, Mr. Kanio",male,,Mr
740,740,"Nankoff, Mr. Minko",male,,Mr
741,741,"Hawksford, Mr. Walter James",male,,Mr
742,742,"Cavendish, Mr. Tyrell William",male,36.0,Mr
743,743,"Ryerson, Miss. Susan Parker ""Suzette""",female,21.0,Miss
744,744,"McNamee, Mr. Neal",male,24.0,Mr
745,745,"Stranden, Mr. Juho",male,31.0,Mr
746,746,"Crosby, Capt. Edward Gifford",male,70.0,Officer
747,747,"Abbott, Mr. Rossmore Edward",male,16.0,Mr
748,748,"Sinkkonen, Miss. Anna",female,30.0,Miss
749,749,"Marvin, Mr. Daniel Warner",male,19.0,Mr
750,750,"Connaghton, Mr. Michael",male,31.0,Mr
751,751,"Wells, Miss. Joan",female,4.0,Miss
752,752,"Moor, Master. Meier",male,6.0,Master
753,753,"Vande Velde, Mr. Johannes Joseph",male,33.0,Mr
754,754,"Jonkoff, Mr. Lalio",male,23.0,Mr
755,755,"Herman, Mrs. Samuel (Jane Laver)",female,48.0,Mrs
756,756,"Hamalainen, Master. Viljo",male,0.67,Master
757,757,"Carlsson, Mr. August Sigfrid",male,28.0,Mr
758,758,"Bailey, Mr. Percy Andrew",male,18.0,Mr
759,759,"Theobald, Mr. Thomas Leonard",male,34.0,Mr
760,760,"Rothes, the Countess. of (Lucy Noel Martha Dyer-Edwards)",female,33.0,the Countess
761,761,"Garfirth, Mr. John",male,,Mr
762,762,"Nirva, Mr. Iisakki Antino Aijo",male,41.0,Mr
763,763,"Barah, Mr. Hanna Assi",male,20.0,Mr
764,764,"Carter, Mrs. William Ernest (Lucile Polk)",female,36.0,Mrs
765,765,"Eklund, Mr. Hans Linus",male,16.0,Mr
766,766,"Hogeboom, Mrs. John C (Anna Andrews)",female,51.0,Mrs
767,767,"Brewe, Dr. Arthur Jackson",male,,Professional
768,768,"Mangan, Miss. Mary",female,30.5,Miss
769,769,"Moran, Mr. Daniel J",male,,Mr
770,770,"Gronnestad, Mr. Daniel Danielsen",male,32.0,Mr
771,771,"Lievens, Mr. Rene Aime",male,24.0,Mr
772,772,"Jensen, Mr. Niels Peder",male,48.0,Mr
773,773,"Mack, Mrs. (Mary)",female,57.0,Mrs
774,774,"Elias, Mr. Dibo",male,,Mr
775,775,"Hocking, Mrs. Elizabeth (Eliza Needs)",female,54.0,Mrs
776,776,"Myhrman, Mr. Pehr Fabian Oliver Malkolm",male,18.0,Mr
777,777,"Tobin, Mr. Roger",male,,Mr
778,778,"Emanuel, Miss. Virginia Ethel",female,5.0,Miss
779,779,"Kilgannon, Mr. Thomas J",male,,Mr
780,780,"Robert, Mrs. Edward Scott (Elisabeth Walton McMillan)",female,43.0,Mrs
781,781,"Ayoub, Miss. Banoura",female,13.0,Miss
782,782,"Dick, Mrs. Albert Adrian (Vera Gillespie)",female,17.0,Mrs
783,783,"Long, Mr. Milton Clyde",male,29.0,Mr
784,784,"Johnston, Mr. Andrew G",male,,Mr
785,785,"Ali, Mr. William",male,25.0,Mr
786,786,"Harmer, Mr. Abraham (David Lishin)",male,25.0,Mr
787,787,"Sjoblom, Miss. Anna Sofia",female,18.0,Miss
788,788,"Rice, Master. George Hugh",male,8.0,Master
789,789,"Dean, Master. Bertram Vere",male,1.0,Master
790,790,"Guggenheim, Mr. Benjamin",male,46.0,Mr
791,791,"Keane, Mr. Andrew ""Andy""",male,,Mr
792,792,"Gaskell, Mr. Alfred",male,16.0,Mr
793,793,"Sage, Miss. Stella Anna",female,,Miss
794,794,"Hoyt, Mr. William Fisher",male,,Mr
795,795,"Dantcheff, Mr. Ristiu",male,25.0,Mr
796,796,"Otter, Mr. Richard",male,39.0,Mr
797,797,"Leader, Dr. Alice (Farnham)",female,49.0,Professional
798,798,"Osman, Mrs. Mara",female,31.0,Mrs
799,799,"Ibrahim Shawah, Mr. Yousseff",male,30.0,Mr
800,800,"Van Impe, Mrs. Jean Baptiste (Rosalie Paula Govaert)",female,30.0,Mrs
801,801,"Ponesell, Mr. Martin",male,34.0,Mr
802,802,"Collyer, Mrs. Harvey (Charlotte Annie Tate)",female,31.0,Mrs
803,803,"Carter, Master. William Thornton II",male,11.0,Master
804,804,"Thomas, Master. Assad Alexander",male,0.42,Master
805,805,"Hedman, Mr. Oskar Arvid",male,27.0,Mr
806,806,"Johansson, Mr. Karl Johan",male,31.0,Mr
807,807,"Andrews, Mr. Thomas Jr",male,39.0,Mr
808,808,"Pettersson, Miss. Ellen Natalia",female,18.0,Miss
809,809,"Meyer, Mr. August",male,39.0,Mr
810,810,"Chambers, Mrs. Norman Campbell (Bertha Griggs)",female,33.0,Mrs
811,811,"Alexander, Mr. William",male,26.0,Mr
812,812,"Lester, Mr. James",male,39.0,Mr
813,813,"Slemen, Mr. Richard James",male,35.0,Mr
814,814,"Andersson, Miss. Ebba Iris Alfrida",female,6.0,Miss
815,815,"Tomlin, Mr. Ernest Portage",male,30.5,Mr
816,816,"Fry, Mr. Richard",male,,Mr
817,817,"Heininen, Miss. Wendla Maria",female,23.0,Miss
818,818,"Mallet, Mr. Albert",male,31.0,Mr
819,819,"Holm, Mr. John Fredrik Alexander",male,43.0,Mr
820,820,"Skoog, Master. Karl Thorsten",male,10.0,Master
821,821,"Hays, Mrs. Charles Melville (Clara Jennings Gregg)",female,52.0,Mrs
822,822,"Lulic, Mr. Nikola",male,27.0,Mr
823,823,"Reuchlin, Jonkheer. John George",male,38.0,Royal/Noble
824,824,"Moor, Mrs. (Beila)",female,27.0,Mrs
825,825,"Panula, Master. Urho Abraham",male,2.0,Master
826,826,"Flynn, Mr. John",male,,Mr
827,827,"Lam, Mr. Len",male,,Mr
828,828,"Mallet, Master. Andre",male,1.0,Master
829,829,"McCormack, Mr. Thomas Joseph",male,,Mr
830,830,"Stone, Mrs. George Nelson (Martha Evelyn)",female,62.0,Mrs
831,831,"Yasbeck, Mrs. Antoni (Selini Alexander)",female,15.0,Mrs
832,832,"Richards, Master. George Sibley",male,0.83,Master
833,833,"Saad, Mr. Amin",male,,Mr
834,834,"Augustsson, Mr. Albert",male,23.0,Mr
835,835,"Allum, Mr. Owen George",male,18.0,Mr
836,836,"Compton, Miss. Sara Rebecca",female,39.0,Miss
837,837,"Pasic, Mr. Jakob",male,21.0,Mr
838,838,"Sirota, Mr. Maurice",male,,Mr
839,839,"Chip, Mr. Chang",male,32.0,Mr
840,840,"Marechal, Mr. Pierre",male,,Mr
841,841,"Alhomaki, Mr. Ilmari Rudolf",male,20.0,Mr
842,842,"Mudd, Mr. Thomas Charles",male,16.0,Mr
843,843,"Serepeca, Miss. Augusta",female,30.0,Miss
844,844,"Lemberopolous, Mr. Peter L",male,34.5,Mr
845,845,"Culumovic, Mr. Jeso",male,17.0,Mr
846,846,"Abbing, Mr. Anthony",male,42.0,Mr
847,847,"Sage, Mr. Douglas Bullen",male,,Mr
848,848,"Markoff, Mr. Marin",male,35.0,Mr
849,849,"Harper, Rev. John",male,28.0,Clergy
850,850,"Goldenberg, Mrs. Samuel L (Edwiga Grabowska)",female,,Mrs
851,851,"Andersson, Master. Sigvard Harald Elias",male,4.0,Master
852,852,"Svensson, Mr. Johan",male,74.0,Mr
853,853,"Boulos, Miss. Nourelain",female,9.0,Miss
854,854,"Lines, Miss. Mary Conover",female,16.0,Miss
855,855,"Carter, Mrs. Ernest Courtenay (Lilian Hughes)",female,44.0,Mrs
856,856,"Aks, Mrs. Sam (Leah Rosen)",female,18.0,Mrs
857,857,"Wick, Mrs. George Dennick (Mary Hitchcock)",female,45.0,Mrs
858,858,"Daly, Mr. Peter Denis ",male,51.0,Mr
859,859,"Baclini, Mrs. Solomon (Latifa Qurban)",female,24.0,Mrs
860,860,"Razi, Mr. Raihed",male,,Mr
861,861,"Hansen, Mr. Claus Peter",male,41.0,Mr
862,862,"Giles, Mr. Frederick Edward",male,21.0,Mr
863,863,"Swift, Mrs. Frederick Joel (Margaret Welles Barron)",female,48.0,Mrs
864,864,"Sage, Miss. Dorothy Edith ""Dolly""",female,,Miss
865,865,"Gill, Mr. John William",male,24.0,Mr
866,866,"Bystrom, Mrs. (Karolina)",female,42.0,Mrs
867,867,"Duran y More, Miss. Asuncion",female,27.0,Miss
868,868,"Roebling, Mr. Washington Augustus II",male,31.0,Mr
869,869,"van Melkebeke, Mr. Philemon",male,,Mr
870,870,"Johnson, Master. Harold Theodor",male,4.0,Master
871,871,"Balkic, Mr. Cerin",male,26.0,Mr
872,872,"Beckwith, Mrs. Richard Leonard (Sallie Monypeny)",female,47.0,Mrs
873,873,"Carlsson, Mr. Frans Olof",male,33.0,Mr
874,874,"Vander Cruyssen, Mr. Victor",male,47.0,Mr
875,875,"Abelson, Mrs. Samuel (Hannah Wizosky)",female,28.0,Mrs
876,876,"Najib, Miss. Adele Kiamie ""Jane""",female,15.0,Miss
877,877,"Gustafsson, Mr. Alfred Ossian",male,20.0,Mr
878,878,"Petroff, Mr. Nedelio",male,19.0,Mr
879,879,"Laleff, Mr. Kristo",male,,Mr
880,880,"Potter, Mrs. Thomas Jr (Lily Alexenia Wilson)",female,56.0,Mrs
881,881,"Shelley, Mrs. William (Imanita Parrish Hall)",female,25.0,Mrs
882,882,"Markun, Mr. Johann",male,33.0,Mr
883,883,"Dahlberg, Miss. Gerda Ulrika",female,22.0,Miss
884,884,"Banfield, Mr. Frederick James",male,28.0,Mr
885,885,"Sutehall, Mr. Henry Jr",male,25.0,Mr
886,886,"Rice, Mrs. William (Margaret Norton)",female,39.0,Mrs
887,887,"Montvila, Rev. Juozas",male,27.0,Clergy
888,888,"Graham, Miss. Margaret Edith",female,19.0,Miss
889,889,"Johnston, Miss. Catherine Helen ""Carrie""",female,,Miss
890,890,"Behr, Mr. Karl Howell",male,26.0,Mr
891,891,"Dooley, Mr. Patrick",male,32.0,Mr
892,892,"Kelly, Mr. James",male,34.5,Mr
893,893,"Wilkes, Mrs. James (Ellen Needs)",female,47.0,Mrs
894,894,"Myles, Mr. Thomas Francis",male,62.0,Mr
895,895,"Wirz, Mr. Albert",male,27.0,Mr
896,896,"Hirvonen, Mrs. Alexander (Helga E Lindqvist)",female,22.0,Mrs
897,897,"Svensson, Mr. Johan Cervin",male,14.0,Mr
898,898,"Connolly, Miss. Kate",female,30.0,Miss
899,899,"Caldwell, Mr. Albert Francis",male,26.0,Mr
900,900,"Abrahim, Mrs. Joseph (Sophie Halaut Easu)",female,18.0,Mrs
901,901,"Davies, Mr. John Samuel",male,21.0,Mr
902,902,"Ilieff, Mr. Ylio",male,,Mr
903,903,"Jones, Mr. Charles Cresson",male,46.0,Mr
904,904,"Snyder, Mrs. John Pillsbury (Nelle Stevenson)",female,23.0,Mrs
905,905,"Howard, Mr. Benjamin",male,63.0,Mr
906,906,"Chaffee, Mrs. Herbert Fuller (Carrie Constance Toogood)",female,47.0,Mrs
907,907,"del Carlo, Mrs. Sebastiano (Argenia Genovesi)",female,24.0,Mrs
908,908,"Keane, Mr. Daniel",male,35.0,Mr
909,909,"Assaf, Mr. Gerios",male,21.0,Mr
910,910,"Ilmakangas, Miss. Ida Livija",female,27.0,Miss
911,911,"Assaf Khalil, Mrs. Mariana (Miriam"")""",female,45.0,Mrs
912,912,"Rothschild, Mr. Martin",male,55.0,Mr
913,913,"Olsen, Master. Artur Karl",male,9.0,Master
914,914,"Flegenheim, Mrs. Alfred (Antoinette)",female,,Mrs
915,915,"Williams, Mr. Richard Norris II",male,21.0,Mr
916,916,"Ryerson, Mrs. Arthur Larned (Emily Maria Borie)",female,48.0,Mrs
917,917,"Robins, Mr. Alexander A",male,50.0,Mr
918,918,"Ostby, Miss. Helene Ragnhild",female,22.0,Miss
919,919,"Daher, Mr. Shedid",male,22.5,Mr
920,920,"Brady, Mr. John Bertram",male,41.0,Mr
921,921,"Samaan, Mr. Elias",male,,Mr
922,922,"Louch, Mr. Charles Alexander",male,50.0,Mr
923,923,"Jefferys, Mr. Clifford Thomas",male,24.0,Mr
924,924,"Dean, Mrs. Bertram (Eva Georgetta Light)",female,33.0,Mrs
925,925,"Johnston, Mrs. Andrew G (Elizabeth Lily"" Watson)""",female,,Mrs
926,926,"Mock, Mr. Philipp Edmund",male,30.0,Mr
927,927,"Katavelas, Mr. Vassilios (Catavelas Vassilios"")""",male,18.5,Mr
928,928,"Roth, Miss. Sarah A",female,,Miss
929,929,"Cacic, Miss. Manda",female,21.0,Miss
930,930,"Sap, Mr. Julius",male,25.0,Mr
931,931,"Hee, Mr. Ling",male,,Mr
932,932,"Karun, Mr. Franz",male,39.0,Mr
933,933,"Franklin, Mr. Thomas Parham",male,,Mr
934,934,"Goldsmith, Mr. Nathan",male,41.0,Mr
935,935,"Corbett, Mrs. Walter H (Irene Colvin)",female,30.0,Mrs
936,936,"Kimball, Mrs. Edwin Nelson Jr (Gertrude Parsons)",female,45.0,Mrs
937,937,"Peltomaki, Mr. Nikolai Johannes",male,25.0,Mr
938,938,"Chevre, Mr. Paul Romaine",male,45.0,Mr
939,939,"Shaughnessy, Mr. Patrick",male,,Mr
940,940,"Bucknell, Mrs. William Robert (Emma Eliza Ward)",female,60.0,Mrs
941,941,"Coutts, Mrs. William (Winnie Minnie"" Treanor)""",female,36.0,Mrs
942,942,"Smith, Mr. Lucien Philip",male,24.0,Mr
943,943,"Pulbaum, Mr. Franz",male,27.0,Mr
944,944,"Hocking, Miss. Ellen Nellie""""",female,20.0,Miss
945,945,"Fortune, Miss. Ethel Flora",female,28.0,Miss
946,946,"Mangiavacchi, Mr. Serafino Emilio",male,,Mr
947,947,"Rice, Master. Albert",male,10.0,Master
948,948,"Cor, Mr. Bartol",male,35.0,Mr
949,949,"Abelseth, Mr. Olaus Jorgensen",male,25.0,Mr
950,950,"Davison, Mr. Thomas Henry",male,,Mr
951,951,"Chaudanson, Miss. Victorine",female,36.0,Miss
952,952,"Dika, Mr. Mirko",male,17.0,Mr
953,953,"McCrae, Mr. Arthur Gordon",male,32.0,Mr
954,954,"Bjorklund, Mr. Ernst Herbert",male,18.0,Mr
955,955,"Bradley, Miss. Bridget Delia",female,22.0,Miss
956,956,"Ryerson, Master. John Borie",male,13.0,Master
957,957,"Corey, Mrs. Percy C (Mary Phyllis Elizabeth Miller)",female,,Mrs
958,958,"Burns, Miss. Mary Delia",female,18.0,Miss
959,959,"Moore, Mr. Clarence Bloomfield",male,47.0,Mr
960,960,"Tucker, Mr. Gilbert Milligan Jr",male,31.0,Mr
961,961,"Fortune, Mrs. Mark (Mary McDougald)",female,60.0,Mrs
962,962,"Mulvihill, Miss. Bertha E",female,24.0,Miss
963,963,"Minkoff, Mr. Lazar",male,21.0,Mr
964,964,"Nieminen, Miss. Manta Josefina",female,29.0,Miss
965,965,"Ovies y Rodriguez, Mr. Servando",male,28.5,Mr
966,966,"Geiger, Miss. Amalie",female,35.0,Miss
967,967,"Keeping, Mr. Edwin",male,32.5,Mr
968,968,"Miles, Mr. Frank",male,,Mr
969,969,"Cornell, Mrs. Robert Clifford (Malvina Helen Lamson)",female,55.0,Mrs
970,970,"Aldworth, Mr. Charles Augustus",male,30.0,Mr
971,971,"Doyle, Miss. Elizabeth",female,24.0,Miss
972,972,"Boulos, Master. Akar",male,6.0,Master
973,973,"Straus, Mr. Isidor",male,67.0,Mr
974,974,"Case, Mr. Howard Brown",male,49.0,Mr
975,975,"Demetri, Mr. Marinko",male,,Mr
976,976,"Lamb, Mr. John Joseph",male,,Mr
977,977,"Khalil, Mr. Betros",male,,Mr
978,978,"Barry, Miss. Julia",female,27.0,Miss
979,979,"Badman, Miss. Emily Louisa",female,18.0,Miss
980,980,"O'Donoghue, Ms. Bridget",female,,Miss
981,981,"Wells, Master. Ralph Lester",male,2.0,Master
982,982,"Dyker, Mrs. Adolf Fredrik (Anna Elisabeth Judith Andersson)",female,22.0,Mrs
983,983,"Pedersen, Mr. Olaf",male,,Mr
984,984,"Davidson, Mrs. Thornton (Orian Hays)",female,27.0,Mrs
985,985,"Guest, Mr. Robert",male,,Mr
986,986,"Birnbaum, Mr. Jakob",male,25.0,Mr
987,987,"Tenglin, Mr. Gunnar Isidor",male,25.0,Mr
988,988,"Cavendish, Mrs. Tyrell William (Julia Florence Siegel)",female,76.0,Mrs
989,989,"Makinen, Mr. Kalle Edvard",male,29.0,Mr
990,990,"Braf, Miss. Elin Ester Maria",female,20.0,Miss
991,991,"Nancarrow, Mr. William Henry",male,33.0,Mr
992,992,"Stengel, Mrs. Charles Emil Henry (Annie May Morris)",female,43.0,Mrs
993,993,"Weisz, Mr. Leopold",male,27.0,Mr
994,994,"Foley, Mr. William",male,,Mr
995,995,"Johansson Palmquist, Mr. Oskar Leander",male,26.0,Mr
996,996,"Thomas, Mrs. Alexander (Thamine Thelma"")""",female,16.0,Mrs
997,997,"Holthen, Mr. Johan Martin",male,28.0,Mr
998,998,"Buckley, Mr. Daniel",male,21.0,Mr
999,999,"Ryan, Mr. Edward",male,,Mr
1000,1000,"Willer, Mr. Aaron (Abi Weller"")""",male,,Mr
1001,1001,"Swane, Mr. George",male,18.5,Mr
1002,1002,"Stanton, Mr. Samuel Ward",male,41.0,Mr
1003,1003,"Shine, Miss. Ellen Natalia",female,,Miss
1004,1004,"Evans, Miss. Edith Corse",female,36.0,Miss
1005,1005,"Buckley, Miss. Katherine",female,18.5,Miss
1006,1006,"Straus, Mrs. Isidor (Rosalie Ida Blun)",female,63.0,Mrs
1007,1007,"Chronopoulos, Mr. Demetrios",male,18.0,Mr
1008,1008,"Thomas, Mr. John",male,,Mr
1009,1009,"Sandstrom, Miss. Beatrice Irene",female,1.0,Miss
1010,1010,"Beattie, Mr. Thomson",male,36.0,Mr
1011,1011,"Chapman, Mrs. John Henry (Sara Elizabeth Lawry)",female,29.0,Mrs
1012,1012,"Watt, Miss. Bertha J",female,12.0,Miss
1013,1013,"Kiernan, Mr. John",male,,Mr
1014,1014,"Schabert, Mrs. Paul (Emma Mock)",female,35.0,Mrs
1015,1015,"Carver, Mr. Alfred John",male,28.0,Mr
1016,1016,"Kennedy, Mr. John",male,,Mr
1017,1017,"Cribb, Miss. Laura Alice",female,17.0,Miss
1018,1018,"Brobeck, Mr. Karl Rudolf",male,22.0,Mr
1019,1019,"McCoy, Miss. Alicia",female,,Miss
1020,1020,"Bowenur, Mr. Solomon",male,42.0,Mr
1021,1021,"Petersen, Mr. Marius",male,24.0,Mr
1022,1022,"Spinner, Mr. Henry John",male,32.0,Mr
1023,1023,"Gracie, Col. Archibald IV",male,53.0,Officer
1024,1024,"Lefebre, Mrs. Frank (Frances)",female,,Mrs
1025,1025,"Thomas, Mr. Charles P",male,,Mr
1026,1026,"Dintcheff, Mr. Valtcho",male,43.0,Mr
1027,1027,"Carlsson, Mr. Carl Robert",male,24.0,Mr
1028,1028,"Zakarian, Mr. Mapriededer",male,26.5,Mr
1029,1029,"Schmidt, Mr. August",male,26.0,Mr
1030,1030,"Drapkin, Miss. Jennie",female,23.0,Miss
1031,1031,"Goodwin, Mr. Charles Frederick",male,40.0,Mr
1032,1032,"Goodwin, Miss. Jessie Allis",female,10.0,Miss
1033,1033,"Daniels, Miss. Sarah",female,33.0,Miss
1034,1034,"Ryerson, Mr. Arthur Larned",male,61.0,Mr
1035,1035,"Beauchamp, Mr. Henry James",male,28.0,Mr
1036,1036,"Lindeberg-Lind, Mr. Erik Gustaf (Mr Edward Lingrey"")""",male,42.0,Mr
1037,1037,"Vander Planke, Mr. Julius",male,31.0,Mr
1038,1038,"Hilliard, Mr. Herbert Henry",male,,Mr
1039,1039,"Davies, Mr. Evan",male,22.0,Mr
1040,1040,"Crafton, Mr. John Bertram",male,,Mr
1041,1041,"Lahtinen, Rev. William",male,30.0,Clergy
1042,1042,"Earnshaw, Mrs. Boulton (Olive Potter)",female,23.0,Mrs
1043,1043,"Matinoff, Mr. Nicola",male,,Mr
1044,1044,"Storey, Mr. Thomas",male,60.5,Mr
1045,1045,"Klasen, Mrs. (Hulda Kristina Eugenia Lofqvist)",female,36.0,Mrs
1046,1046,"Asplund, Master. Filip Oscar",male,13.0,Master
1047,1047,"Duquemin, Mr. Joseph",male,24.0,Mr
1048,1048,"Bird, Miss. Ellen",female,29.0,Miss
1049,1049,"Lundin, Miss. Olga Elida",female,23.0,Miss
1050,1050,"Borebank, Mr. John James",male,42.0,Mr
1051,1051,"Peacock, Mrs. Benjamin (Edith Nile)",female,26.0,Mrs
1052,1052,"Smyth, Miss. Julia",female,,Miss
1053,1053,"Touma, Master. Georges Youssef",male,7.0,Master
1054,1054,"Wright, Miss. Marion",female,26.0,Miss
1055,1055,"Pearce, Mr. Ernest",male,,Mr
1056,1056,"Peruschitz, Rev. Joseph Maria",male,41.0,Clergy
1057,1057,"Kink-Heilmann, Mrs. Anton (Luise Heilmann)",female,26.0,Mrs
1058,1058,"Brandeis, Mr. Emil",male,48.0,Mr
1059,1059,"Ford, Mr. Edward Watson",male,18.0,Mr
1060,1060,"Cassebeer, Mrs. Henry Arthur Jr (Eleanor Genevieve Fosdick)",female,,Mrs
1061,1061,"Hellstrom, Miss. Hilda Maria",female,22.0,Miss
1062,1062,"Lithman, Mr. Simon",male,,Mr
1063,1063,"Zakarian, Mr. Ortin",male,27.0,Mr
1064,1064,"Dyker, Mr. Adolf Fredrik",male,23.0,Mr
1065,1065,"Torfa, Mr. Assad",male,,Mr
1066,1066,"Asplund, Mr. Carl Oscar Vilhelm Gustafsson",male,40.0,Mr
1067,1067,"Brown, Miss. Edith Eileen",female,15.0,Miss
1068,1068,"Sincock, Miss. Maude",female,20.0,Miss
1069,1069,"Stengel, Mr. Charles Emil Henry",male,54.0,Mr
1070,1070,"Becker, Mrs. Allen Oliver (Nellie E Baumgardner)",female,36.0,Mrs
1071,1071,"Compton, Mrs. Alexander Taylor (Mary Eliza Ingersoll)",female,64.0,Mrs
1072,1072,"McCrie, Mr. James Matthew",male,30.0,Mr
1073,1073,"Compton, Mr. Alexander Taylor Jr",male,37.0,Mr
1074,1074,"Marvin, Mrs. Daniel Warner (Mary Graham Carmichael Farquarson)",female,18.0,Mrs
1075,1075,"Lane, Mr. Patrick",male,,Mr
1076,1076,"Douglas, Mrs. Frederick Charles (Mary Helene Baxter)",female,27.0,Mrs
1077,1077,"Maybery, Mr. Frank Hubert",male,40.0,Mr
1078,1078,"Phillips, Miss. Alice Frances Louisa",female,21.0,Miss
1079,1079,"Davies, Mr. Joseph",male,17.0,Mr
1080,1080,"Sage, Miss. Ada",female,,Miss
1081,1081,"Veal, Mr. James",male,40.0,Mr
1082,1082,"Angle, Mr. William A",male,34.0,Mr
1083,1083,"Salomon, Mr. Abraham L",male,,Mr
1084,1084,"van Billiard, Master. Walter John",male,11.5,Master
1085,1085,"Lingane, Mr. John",male,61.0,Mr
1086,1086,"Drew, Master. Marshall Brines",male,8.0,Master
1087,1087,"Karlsson, Mr. Julius Konrad Eugen",male,33.0,Mr
1088,1088,"Spedden, Master. Robert Douglas",male,6.0,Master
1089,1089,"Nilsson, Miss. Berta Olivia",female,18.0,Miss
1090,1090,"Baimbrigge, Mr. Charles Robert",male,23.0,Mr
1091,1091,"Rasmussen, Mrs. (Lena Jacobsen Solvang)",female,,Mrs
1092,1092,"Murphy, Miss. Nora",female,,Miss
1093,1093,"Danbom, Master. Gilbert Sigvard Emanuel",male,0.33,Master
1094,1094,"Astor, Col. John Jacob",male,47.0,Officer
1095,1095,"Quick, Miss. Winifred Vera",female,8.0,Miss
1096,1096,"Andrew, Mr. Frank Thomas",male,25.0,Mr
1097,1097,"Omont, Mr. Alfred Fernand",male,,Mr
1098,1098,"McGowan, Miss. Katherine",female,35.0,Miss
1099,1099,"Collett, Mr. Sidney C Stuart",male,24.0,Mr
1100,1100,"Rosenbaum, Miss. Edith Louise",female,33.0,Miss
1101,1101,"Delalic, Mr. Redjo",male,25.0,Mr
1102,1102,"Andersen, Mr. Albert Karvin",male,32.0,Mr
1103,1103,"Finoli, Mr. Luigi",male,,Mr
1104,1104,"Deacon, Mr. Percy William",male,17.0,Mr
1105,1105,"Howard, Mrs. Benjamin (Ellen Truelove Arman)",female,60.0,Mrs
1106,1106,"Andersson, Miss. Ida Augusta Margareta",female,38.0,Miss
1107,1107,"Head, Mr. Christopher",male,42.0,Mr
1108,1108,"Mahon, Miss. Bridget Delia",female,,Miss
1109,1109,"Wick, Mr. George Dennick",male,57.0,Mr
1110,1110,"Widener, Mrs. George Dunton (Eleanor Elkins)",female,50.0,Mrs
1111,1111,"Thomson, Mr. Alexander Morrison",male,,Mr
1112,1112,"Duran y More, Miss. Florentina",female,30.0,Miss
1113,1113,"Reynolds, Mr. Harold J",male,21.0,Mr
1114,1114,"Cook, Mrs. (Selena Rogers)",female,22.0,Mrs
1115,1115,"Karlsson, Mr. Einar Gervasius",male,21.0,Mr
1116,1116,"Candee, Mrs. Edward (Helen Churchill Hungerford)",female,53.0,Mrs
1117,1117,"Moubarek, Mrs. George (Omine Amenia"" Alexander)""",female,,Mrs
1118,1118,"Asplund, Mr. Johan Charles",male,23.0,Mr
1119,1119,"McNeill, Miss. Bridget",female,,Miss
1120,1120,"Everett, Mr. Thomas James",male,40.5,Mr
1121,1121,"Hocking, Mr. Samuel James Metcalfe",male,36.0,Mr
1122,1122,"Sweet, Mr. George Frederick",male,14.0,Mr
1123,1123,"Willard, Miss. Constance",female,21.0,Miss
1124,1124,"Wiklund, Mr. Karl Johan",male,21.0,Mr
1125,1125,"Linehan, Mr. Michael",male,,Mr
1126,1126,"Cumings, Mr. John Bradley",male,39.0,Mr
1127,1127,"Vendel, Mr. Olof Edvin",male,20.0,Mr
1128,1128,"Warren, Mr. Frank Manley",male,64.0,Mr
1129,1129,"Baccos, Mr. Raffull",male,20.0,Mr
1130,1130,"Hiltunen, Miss. Marta",female,18.0,Miss
1131,1131,"Douglas, Mrs. Walter Donald (Mahala Dutton)",female,48.0,Mrs
1132,1132,"Lindstrom, Mrs. Carl Johan (Sigrid Posse)",female,55.0,Mrs
1133,1133,"Christy, Mrs. (Alice Frances)",female,45.0,Mrs
1134,1134,"Spedden, Mr. Frederic Oakley",male,45.0,Mr
1135,1135,"Hyman, Mr. Abraham",male,,Mr
1136,1136,"Johnston, Master. William Arthur Willie""""",male,,Master
1137,1137,"Kenyon, Mr. Frederick R",male,41.0,Mr
1138,1138,"Karnes, Mrs. J Frank (Claire Bennett)",female,22.0,Mrs
1139,1139,"Drew, Mr. James Vivian",male,42.0,Mr
1140,1140,"Hold, Mrs. Stephen (Annie Margaret Hill)",female,29.0,Mrs
1141,1141,"Khalil, Mrs. Betros (Zahie Maria"" Elias)""",female,,Mrs
1142,1142,"West, Miss. Barbara J",female,0.92,Miss
1143,1143,"Abrahamsson, Mr. Abraham August Johannes",male,20.0,Mr
1144,1144,"Clark, Mr. Walter Miller",male,27.0,Mr
1145,1145,"Salander, Mr. Karl Johan",male,24.0,Mr
1146,1146,"Wenzel, Mr. Linhart",male,32.5,Mr
1147,1147,"MacKay, Mr. George William",male,,Mr
1148,1148,"Mahon, Mr. John",male,,Mr
1149,1149,"Niklasson, Mr. Samuel",male,28.0,Mr
1150,1150,"Bentham, Miss. Lilian W",female,19.0,Miss
1151,1151,"Midtsjo, Mr. Karl Albert",male,21.0,Mr
1152,1152,"de Messemaeker, Mr. Guillaume Joseph",male,36.5,Mr
1153,1153,"Nilsson, Mr. August Ferdinand",male,21.0,Mr
1154,1154,"Wells, Mrs. Arthur Henry (Addie"" Dart Trevaskis)""",female,29.0,Mrs
1155,1155,"Klasen, Miss. Gertrud Emilia",female,1.0,Miss
1156,1156,"Portaluppi, Mr. Emilio Ilario Giuseppe",male,30.0,Mr
1157,1157,"Lyntakoff, Mr. Stanko",male,,Mr
1158,1158,"Chisholm, Mr. Roderick Robert Crispin",male,,Mr
1159,1159,"Warren, Mr. Charles William",male,,Mr
1160,1160,"Howard, Miss. May Elizabeth",female,,Miss
1161,1161,"Pokrnic, Mr. Mate",male,17.0,Mr
1162,1162,"McCaffry, Mr. Thomas Francis",male,46.0,Mr
1163,1163,"Fox, Mr. Patrick",male,,Mr
1164,1164,"Clark, Mrs. Walter Miller (Virginia McDowell)",female,26.0,Mrs
1165,1165,"Lennon, Miss. Mary",female,,Miss
1166,1166,"Saade, Mr. Jean Nassr",male,,Mr
1167,1167,"Bryhl, Miss. Dagmar Jenny Ingeborg ",female,20.0,Miss
1168,1168,"Parker, Mr. Clifford Richard",male,28.0,Mr
1169,1169,"Faunthorpe, Mr. Harry",male,40.0,Mr
1170,1170,"Ware, Mr. John James",male,30.0,Mr
1171,1171,"Oxenham, Mr. Percy Thomas",male,22.0,Mr
1172,1172,"Oreskovic, Miss. Jelka",female,23.0,Miss
1173,1173,"Peacock, Master. Alfred Edward",male,0.75,Master
1174,1174,"Fleming, Miss. Honora",female,,Miss
1175,1175,"Touma, Miss. Maria Youssef",female,9.0,Miss
1176,1176,"Rosblom, Miss. Salli Helena",female,2.0,Miss
1177,1177,"Dennis, Mr. William",male,36.0,Mr
1178,1178,"Franklin, Mr. Charles (Charles Fardon)",male,,Mr
1179,1179,"Snyder, Mr. John Pillsbury",male,24.0,Mr
1180,1180,"Mardirosian, Mr. Sarkis",male,,Mr
1181,1181,"Ford, Mr. Arthur",male,,Mr
1182,1182,"Rheims, Mr. George Alexander Lucien",male,,Mr
1183,1183,"Daly, Miss. Margaret Marcella Maggie""""",female,30.0,Miss
1184,1184,"Nasr, Mr. Mustafa",male,,Mr
1185,1185,"Dodge, Dr. Washington",male,53.0,Professional
1186,1186,"Wittevrongel, Mr. Camille",male,36.0,Mr
1187,1187,"Angheloff, Mr. Minko",male,26.0,Mr
1188,1188,"Laroche, Miss. Louise",female,1.0,Miss
1189,1189,"Samaan, Mr. Hanna",male,,Mr
1190,1190,"Loring, Mr. Joseph Holland",male,30.0,Mr
1191,1191,"Johansson, Mr. Nils",male,29.0,Mr
1192,1192,"Olsson, Mr. Oscar Wilhelm",male,32.0,Mr
1193,1193,"Malachard, Mr. Noel",male,,Mr
1194,1194,"Phillips, Mr. Escott Robert",male,43.0,Mr
1195,1195,"Pokrnic, Mr. Tome",male,24.0,Mr
1196,1196,"McCarthy, Miss. Catherine Katie""""",female,,Miss
1197,1197,"Crosby, Mrs. Edward Gifford (Catherine Elizabeth Halstead)",female,64.0,Mrs
1198,1198,"Allison, Mr. Hudson Joshua Creighton",male,30.0,Mr
1199,1199,"Aks, Master. Philip Frank",male,0.83,Master
1200,1200,"Hays, Mr. Charles Melville",male,55.0,Mr
1201,1201,"Hansen, Mrs. Claus Peter (Jennie L Howard)",female,45.0,Mrs
1202,1202,"Cacic, Mr. Jego Grga",male,18.0,Mr
1203,1203,"Vartanian, Mr. David",male,22.0,Mr
1204,1204,"Sadowitz, Mr. Harry",male,,Mr
1205,1205,"Carr, Miss. Jeannie",female,37.0,Miss
1206,1206,"White, Mrs. John Stuart (Ella Holmes)",female,55.0,Mrs
1207,1207,"Hagardon, Miss. Kate",female,17.0,Miss
1208,1208,"Spencer, Mr. William Augustus",male,57.0,Mr
1209,1209,"Rogers, Mr. Reginald Harry",male,19.0,Mr
1210,1210,"Jonsson, Mr. Nils Hilding",male,27.0,Mr
1211,1211,"Jefferys, Mr. Ernest Wilfred",male,22.0,Mr
1212,1212,"Andersson, Mr. Johan Samuel",male,26.0,Mr
1213,1213,"Krekorian, Mr. Neshan",male,25.0,Mr
1214,1214,"Nesson, Mr. Israel",male,26.0,Mr
1215,1215,"Rowe, Mr. Alfred G",male,33.0,Mr
1216,1216,"Kreuchen, Miss. Emilie",female,39.0,Miss
1217,1217,"Assam, Mr. Ali",male,23.0,Mr
1218,1218,"Becker, Miss. Ruth Elizabeth",female,12.0,Miss
1219,1219,"Rosenshine, Mr. George (Mr George Thorne"")""",male,46.0,Mr
1220,1220,"Clarke, Mr. Charles Valentine",male,29.0,Mr
1221,1221,"Enander, Mr. Ingvar",male,21.0,Mr
1222,1222,"Davies, Mrs. John Morgan (Elizabeth Agnes Mary White) ",female,48.0,Mrs
1223,1223,"Dulles, Mr. William Crothers",male,39.0,Mr
1224,1224,"Thomas, Mr. Tannous",male,,Mr
1225,1225,"Nakid, Mrs. Said (Waika Mary"" Mowad)""",female,19.0,Mrs
1226,1226,"Cor, Mr. Ivan",male,27.0,Mr
1227,1227,"Maguire, Mr. John Edward",male,30.0,Mr
1228,1228,"de Brito, Mr. Jose Joaquim",male,32.0,Mr
1229,1229,"Elias, Mr. Joseph",male,39.0,Mr
1230,1230,"Denbury, Mr. Herbert",male,25.0,Mr
1231,1231,"Betros, Master. Seman",male,,Master
1232,1232,"Fillbrook, Mr. Joseph Charles",male,18.0,Mr
1233,1233,"Lundstrom, Mr. Thure Edvin",male,32.0,Mr
1234,1234,"Sage, Mr. John George",male,,Mr
1235,1235,"Cardeza, Mrs. James Warburton Martinez (Charlotte Wardle Drake)",female,58.0,Mrs
1236,1236,"van Billiard, Master. James William",male,,Master
1237,1237,"Abelseth, Miss. Karen Marie",female,16.0,Miss
1238,1238,"Botsford, Mr. William Hull",male,26.0,Mr
1239,1239,"Whabee, Mrs. George Joseph (Shawneene Abi-Saab)",female,38.0,Mrs
1240,1240,"Giles, Mr. Ralph",male,24.0,Mr
1241,1241,"Walcroft, Miss. Nellie",female,31.0,Miss
1242,1242,"Greenfield, Mrs. Leo David (Blanche Strouse)",female,45.0,Mrs
1243,1243,"Stokes, Mr. Philip Joseph",male,25.0,Mr
1244,1244,"Dibden, Mr. William",male,18.0,Mr
1245,1245,"Herman, Mr. Samuel",male,49.0,Mr
1246,1246,"Dean, Miss. Elizabeth Gladys Millvina""""",female,0.17,Miss
1247,1247,"Julian, Mr. Henry Forbes",male,50.0,Mr
1248,1248,"Brown, Mrs. John Murray (Caroline Lane Lamson)",female,59.0,Mrs
1249,1249,"Lockyer, Mr. Edward",male,,Mr
1250,1250,"O'Keefe, Mr. Patrick",male,,Mr
1251,1251,"Lindell, Mrs. Edvard Bengtsson (Elin Gerda Persson)",female,30.0,Mrs
1252,1252,"Sage, Master. William Henry",male,14.5,Master
1253,1253,"Mallet, Mrs. Albert (Antoinette Magnin)",female,24.0,Mrs
1254,1254,"Ware, Mrs. John James (Florence Louise Long)",female,31.0,Mrs
1255,1255,"Strilic, Mr. Ivan",male,27.0,Mr
1256,1256,"Harder, Mrs. George Achilles (Dorothy Annan)",female,25.0,Mrs
1257,1257,"Sage, Mrs. John (Annie Bullen)",female,,Mrs
1258,1258,"Caram, Mr. Joseph",male,,Mr
1259,1259,"Riihivouri, Miss. Susanna Juhantytar Sanni""""",female,22.0,Miss
1260,1260,"Gibson, Mrs. Leonard (Pauline C Boeson)",female,45.0,Mrs
1261,1261,"Pallas y Castello, Mr. Emilio",male,29.0,Mr
1262,1262,"Giles, Mr. Edgar",male,21.0,Mr
1263,1263,"Wilson, Miss. Helen Alice",female,31.0,Miss
1264,1264,"Ismay, Mr. Joseph Bruce",male,49.0,Mr
1265,1265,"Harbeck, Mr. William H",male,44.0,Mr
1266,1266,"Dodge, Mrs. Washington (Ruth Vidaver)",female,54.0,Mrs
1267,1267,"Bowen, Miss. Grace Scott",female,45.0,Miss
1268,1268,"Kink, Miss. Maria",female,22.0,Miss
1269,1269,"Cotterill, Mr. Henry Harry""""",male,21.0,Mr
1270,1270,"Hipkins, Mr. William Edward",male,55.0,Mr
1271,1271,"Asplund, Master. Carl Edgar",male,5.0,Master
1272,1272,"O'Connor, Mr. Patrick",male,,Mr
1273,1273,"Foley, Mr. Joseph",male,26.0,Mr
1274,1274,"Risien, Mrs. Samuel (Emma)",female,,Mrs
1275,1275,"McNamee, Mrs. Neal (Eileen O'Leary)",female,19.0,Mrs
1276,1276,"Wheeler, Mr. Edwin Frederick""""",male,,Mr
1277,1277,"Herman, Miss. Kate",female,24.0,Miss
1278,1278,"Aronsson, Mr. Ernst Axel Algot",male,24.0,Mr
1279,1279,"Ashby, Mr. John",male,57.0,Mr
1280,1280,"Canavan, Mr. Patrick",male,21.0,Mr
1281,1281,"Palsson, Master. Paul Folke",male,6.0,Master
1282,1282,"Payne, Mr. Vivian Ponsonby",male,23.0,Mr
1283,1283,"Lines, Mrs. Ernest H (Elizabeth Lindsey James)",female,51.0,Mrs
1284,1284,"Abbott, Master. Eugene Joseph",male,13.0,Master
1285,1285,"Gilbert, Mr. William",male,47.0,Mr
1286,1286,"Kink-Heilmann, Mr. Anton",male,29.0,Mr
1287,1287,"Smith, Mrs. Lucien Philip (Mary Eloise Hughes)",female,18.0,Mrs
1288,1288,"Colbert, Mr. Patrick",male,24.0,Mr
1289,1289,"Frolicher-Stehli, Mrs. Maxmillian (Margaretha Emerentia Stehli)",female,48.0,Mrs
1290,1290,"Larsson-Rondberg, Mr. Edvard A",male,22.0,Mr
1291,1291,"Conlon, Mr. Thomas Henry",male,31.0,Mr
1292,1292,"Bonnell, Miss. Caroline",female,30.0,Miss
1293,1293,"Gale, Mr. Harry",male,38.0,Mr
1294,1294,"Gibson, Miss. Dorothy Winifred",female,22.0,Miss
1295,1295,"Carrau, Mr. Jose Pedro",male,17.0,Mr
1296,1296,"Frauenthal, Mr. Isaac Gerald",male,43.0,Mr
1297,1297,"Nourney, Mr. Alfred (Baron von Drachstedt"")""",male,20.0,Mr
1298,1298,"Ware, Mr. William Jeffery",male,23.0,Mr
1299,1299,"Widener, Mr. George Dunton",male,50.0,Mr
1300,1300,"Riordan, Miss. Johanna Hannah""""",female,,Miss
1301,1301,"Peacock, Miss. Treasteall",female,3.0,Miss
1302,1302,"Naughton, Miss. Hannah",female,,Miss
1303,1303,"Minahan, Mrs. William Edward (Lillian E Thorpe)",female,37.0,Mrs
1304,1304,"Henriksson, Miss. Jenny Lovisa",female,28.0,Miss
1305,1305,"Spector, Mr. Woolf",male,,Mr
1306,1306,"Oliva y Ocana, Dona. Fermina",female,39.0,Royal/Noble
1307,1307,"Saether, Mr. Simon Sivertsen",male,38.5,Mr
1308,1308,"Ware, Mr. Frederick",male,,Mr
1309,1309,"Peter, Master. Michael J",male,,Master
